#CHR	START_POS	END_POS	SNARL	PATH_LENGTHS	P_FISHER	P_CHI2	GROUP_PATHS	DEPTH
ref	247411	247411	4271_4260	0,616	0.368	0.3172	107:97,93:103	1
ref	247411	247411	4270_4267	1,1	0.1532	0.1447	14:24,79:79	2
ref	247411	247411	4267_4264	1,1	0.1466	0.1137	84:85,9:18	2
ref	247411	247411	4264_4261	1,1	0.5431	0.4485	89:96,4:7	2
ref	247246	247246	4260_4252	0,596	3.5005e-02	2.7309e-02	103:81,97:119	1
ref	247246	247246	4259_4256	1,1	1	0.8857	79:96,18:23	2
ref	247246	247246	4256_4253	1,1	4.4556e-02	3.4068e-02	70:100,27:19	2
ref	247026	247027	4252_4249	1,1	0.5474	0.4827	104:111,96:89	1
ref	244988	246948	4249_4208	0,1960	1	0.9084	50:51,150:149	1
ref	246810	246811	4248_4245	1,1	9.2869e-03	7.5762e-03	71:48,79:101	2
ref	246662	246663	4245_4242	1,1	0.4453	0.393	103:109,47:40	2
ref	246483	246484	4242_4239	1,1	0.901	0.8699	104:102,46:47	2
ref	246296	246297	4239_4236	1,1	6.9507e-02	6.3856e-02	124:110,26:39	2
ref	246186	246187	4236_4233	1,1	0.3708	0.3108	149:146,1:3	2
ref	245995	245996	4233_4230	1,1	0.2317	0.2033	61:50,89:99	2
ref	245932	245933	4230_4227	1,1	0.6225	0.5578	149:147,1:2	2
ref	245742	245743	4227_4224	1,1	2.8740e-06	2.4749e-06	100:133,50:16	2
ref	245646	245647	4224_4221	1,1	0.4476	0.2549	145:147,5:2	2
ref	245594	245595	4221_4218	1,1	1	0.9595	85:84,65:65	2
ref	245350	245351	4218_4215	1,1	1	0.8013	142:142,8:7	2
ref	245144	245145	4215_4212	1,1	1	0.9126	117:117,33:32	2
ref	245081	245082	4212_4209	1,1	0.7287	0.6875	69:72,81:77	2
ref	244701	244702	4208_4205	1,1	0.5872	0.5147	64:58,136:142	1
ref	244521	244522	4205_4202	1,1	0.9186	0.8379	80:78,120:122	1
ref	244231	244232	4202_4199	1,1	3.5044e-02	2.4534e-02	167:182,33:18	1
ref	244177	244178	4199_4196	1,1	0.5282	0.4489	36:42,164:158	1
ref	243889	243890	4196_4193	1,1	2.9559e-02	2.1217e-02	176:159,24:41	1
ref	243768	243769	4193_4190	1,1	0.7868	0.5864	8:6,192:194	1
ref	242653	243529	4190_4176	0,876	0.1953	0.1545	42:31,158:169	1
ref	243377	243378	4189_4186	1,1	1.6535e-02	1.3517e-02	150:168,8:1	2
ref	243251	243252	4186_4183	1,1	0.8238	0.8009	91:95,67:74	2
ref	242987	242988	4183_4180	1,1	0.5469	0.5227	11:15,147:154	2
ref	242829	242830	4180_4177	1,1	1	0.9844	98:105,60:64	2
ref	242422	242423	4176_4173	1,1	1	1	153:153,47:47	1
ref	242058	242248	4173_4171	0,190	1	1	71:71,129:129	1
ref	241810	241811	4171_4168	1,1	0.8213	0.7347	55:52,145:148	1
ref	241687	241688	4168_4165	1,1	0.2174	0.175	153:164,47:36	1
ref	241231	241504	4165_4160	0,273	0.5905	0.5184	66:60,134:140	1
ref	241397	241398	4164_4161	1,1	0.1102	8.5745e-02	116:130,18:10	2
ref	241033	241034	4160_4157	1,1	0.7239	0.5955	19:16,181:184	1
ref	240848	240849	4157_4154	1,1	0.4173	0.3615	88:79,112:121	1
ref	240735	240736	4154_4151	1,1	0.1804	0.1442	151:163,49:37	1
ref	240447	240448	4151_4148	1,1	0.3054	0.2489	33:42,167:158	1
ref	240152	240152	4148_4146	0,118	0.8415	0.7642	102:99,98:101	1
ref	239911	239912	4146_4143	1,1	0.6662	0.5896	135:140,65:60	1
ref	239851	239852	4143_4140	1,1	0.7516	0.6729	66:70,134:130	1
ref	239652	239653	4140_4137	1,1	0.7341	0.6504	55:51,145:149	1
ref	239420	239420	4137_4123	0,1167	0.6765	0.6019	131:126,69:74	1
ref	239420	239420	4136_4133	1,1	0.5429	0.4265	13:18,56:56	2
ref	239420	239420	4133_4130	1,1	0.1808	0.1679	35:46,34:28	2
ref	239420	239420	4130_4127	1,1	1	0.8652	28:29,41:45	2
ref	239420	239420	4127_4124	1,1	0.8567	0.7803	22:22,47:52	2
ref	238625	239168	4123_4112	0,543	2.0414e-02	1.4927e-02	33:53,167:147	1
ref	239010	239011	4122_4119	1,1	0.4843	0.4791	136:115,31:32	2
ref	238904	238905	4119_4116	1,1	7.0600e-02	6.1711e-02	145:116,22:31	2
ref	238766	238767	4116_4113	1,1	1	0.9992	25:22,142:125	2
ref	238416	238416	4112_4104	0,534	1	0.778	194:193,6:7	1
ref	238416	238416	4108_4105	1,1	1	0.7968	3:4,3:3	2
ref	238193	238194	4104_4101	1,1	1	0.9181	77:76,123:124	1
ref	238050	238051	4101_4098	1,1	0.3141	0.2681	106:117,94:83	1
ref	237827	237827	4098_4096	0,280	0.5282	0.4489	164:158,36:42	1
ref	237627	237628	4096_4093	1,1	1	1	91:91,109:109	1
ref	237481	237482	4093_4090	1,1	1	1	199:199,1:1	1
ref	236941	237377	4090_4085	0,436	0.425	0.3618	48:56,152:144	1
ref	237239	237240	4089_4086	1,1	0.7394	0.6331	129:125,23:19	2
ref	236675	236676	4085_4082	1,1	1.4049e-02	1.0014e-02	47:27,153:173	1
ref	236574	236575	4082_4079	1,1	0.7595	0.6831	82:78,118:122	1
ref	236410	236411	4079_4076	1,1	1.2214e-02	9.2343e-03	118:92,82:108	1
ref	236171	236172	4076_4073	1,1	4.3940e-02	3.4117e-02	77:57,123:143	1
ref	235923	235924	4073_4070	1,1	5.6497e-02	4.4810e-02	118:98,82:102	1
ref	235558	235842	4070_4068	0,284	0.3882	0.3316	58:67,142:133	1
ref	235283	235284	4068_4065	1,1	0.8415	0.7641	96:99,104:101	1
ref	234991	234991	4065_4063	0,190	1.1959e-06	8.1090e-07	113:64,87:136	1
ref	234902	234903	4063_4060	1,1	0.1334	0.1095	106:90,94:110	1
ref	234621	234622	4060_4057	1,1	0.7024	0.6102	160:164,40:36	1
ref	234466	234467	4057_4054	1,1	0.449	0.2526	198:195,2:5	1
ref	234400	234401	4054_4051	1,1	0.661	0.5584	29:25,171:175	1
ref	234327	234328	4051_4048	1,1	0.3398	0.2752	28:36,172:164	1
ref	234040	234041	4048_4045	1,1	6.8055e-12	5.6286e-12	82:150,118:50	1
ref	233818	233819	4045_4042	1,1	0.2135	0.1671	164:174,36:26	1
ref	233519	233520	4042_4039	1,1	0.4181	0.3623	120:111,80:89	1
ref	233271	233272	4039_4036	1,1	0.9143	0.8296	138:136,62:64	1
ref	232194	233064	4036_4022	0,870	0.8706	0.7443	178:180,22:20	1
ref	232286	232287	4023_4026	1,1	0.5976	0.493	1:2,21:18	2
ref	232467	232468	4026_4029	1,1	0.3465	0.1877	18:19,4:1	2
ref	232645	232646	4029_4032	1,1	1	0.9764	12:11,10:9	2
ref	232103	232104	4022_4019	1,1	0.6587	0.5807	55:60,145:140	1
ref	231820	231821	4019_4016	1,1	0.6775	0.603	70:75,130:125	1
ref	231622	231622	4016_4014	0,240	0.2292	0.1861	161:150,39:50	1
ref	231403	231403	4014_4012	0,174	0.7547	0.6769	130:126,70:74	1
ref	231233	231233	4012_4010	0,298	0.6026	0.532	125:131,75:69	1
ref	231047	231047	4010_4008	0,263	2.4316e-09	1.9436e-09	108:164,92:36	1
ref	230964	230965	4008_4005	1,1	1	1	139:139,61:61	1
ref	230738	230739	4005_4002	1,1	0.367	0.3161	112:102,88:98	1
ref	230539	230540	4002_3999	1,1	0.3213	0.2705	63:53,137:147	1
ref	230472	230473	3999_3996	1,1	0.6385	0.5569	155:150,45:50	1
ref	230188	230189	3996_3993	1,1	1.4799e-23	8.8051e-23	122:27,78:173	1
ref	230066	230067	3993_3990	1,1	0.2951	0.2389	31:40,169:160	1
ref	229997	229998	3990_3987	1,1	0.2052	0.1544	18:27,182:173	1
ref	229900	229901	3987_3984	1,1	0.8353	0.755	74:71,126:129	1
ref	229743	229744	3984_3981	1,1	0.76	0.6837	83:79,117:121	1
ref	229685	229686	3981_3978	1,1	0.4779	0.3942	32:26,168:174	1
ref	229498	229499	3978_3975	1,1	1	1	142:142,58:58	1
ref	229442	229443	3975_3972	1,1	1	0.8364	12:13,188:187	1
ref	229230	229231	3972_3969	1,1	0.7623	0.6866	115:111,85:89	1
ref	229094	229095	3969_3966	1,1	0.2867	0.2412	60:71,140:129	1
ref	228852	228853	3966_3963	1,1	0.8366	0.757	77:74,123:126	1
ref	228604	228605	3963_3960	1,1	1	0.8922	167:168,33:32	1
ref	228551	228551	3960_3958	0,96	4.0442e-04	2.8367e-04	109:144,91:56	1
ref	228495	228496	3958_3955	1,1	0.7472	0.6282	23:20,177:180	1
ref	228253	228254	3955_3952	1,1	0.8192	0.6464	191:189,9:11	1
ref	227848	228081	3952_3950	0,233	2.3795e-13	2.1272e-13	74:147,126:53	1
ref	227629	227630	3950_3947	1,1	0.6891	0.617	95:100,105:100	1
ref	227403	227500	3947_3945	0,97	0.4923	0.3588	12:8,188:192	1
ref	227133	227134	3945_3942	1,1	0.2453	0.1913	23:32,177:168	1
ref	226842	226843	3942_3939	1,1	0.479	0.4184	89:81,111:119	1
ref	226728	226728	3939_3922	0,1164	6.9350e-02	5.4664e-02	144:126,56:74	1
ref	226728	226728	3938_3935	1,1	0.3763	0.3105	26:41,30:33	2
ref	226728	226728	3935_3932	1,1	0.471	0.3471	45:64,11:10	2
ref	226728	226728	3932_3929	1,1	0.4387	0.4184	18:19,38:55	2
ref	226728	226728	3929_3926	1,1	3.8253e-03	3.1710e-03	54:58,2:16	2
ref	226728	226728	3926_3923	1,1	0.4321	0.4069	13:22,43:52	2
ref	226671	226672	3922_3919	1,1	0.7547	0.6769	126:130,74:70	1
ref	226529	226530	3919_3916	1,1	1	0.8299	12:11,188:189	1
ref	226276	226277	3916_3913	1,1	0.107	8.2926e-02	34:48,166:152	1
ref	226073	226074	3913_3910	1,1	0.5467	0.4819	94:87,106:113	1
ref	225878	225879	3910_3907	1,1	0.3817	0.3173	44:36,156:164	1
ref	225680	225681	3907_3904	1,1	0.6106	0.5411	84:78,116:122	1
ref	225531	225532	3904_3901	1,1	0.4469	0.3747	158:165,42:35	1
ref	225276	225277	3901_3898	1,1	0.1893	0.1551	66:53,134:147	1
ref	224386	225056	3898_3887	0,670	0.3386	0.2876	61:71,139:129	1
ref	224920	224921	3897_3894	1,1	1	0.9526	103:96,36:33	2
ref	224495	224496	3891_3888	1,1	2.7654e-10	2.9295e-10	113:57,26:72	2
ref	224150	224150	3887_3885	0,160	1	0.8142	190:191,10:9	1
ref	224068	224069	3885_3882	1,1	0.5905	0.5184	60:66,140:134	1
ref	223884	223885	3882_3879	1,1	1	1	104:104,96:96	1
ref	223610	223611	3879_3876	1,1	8.3208e-02	6.6744e-02	90:72,110:128	1
ref	223242	223410	3876_3874	0,168	0.8838	0.7698	28:26,172:174	1
ref	223134	223135	3874_3871	1,1	5.4071e-05	3.7256e-05	87:48,113:152	1
ref	222975	222975	3871_3866	0,207	1	0.9194	116:115,84:85	1
ref	222975	222975	3870_3867	1,1	0.4432	0.2534	82:80,2:5	2
ref	222815	222816	3866_3863	1,1	0.3624	0.2978	32:40,168:160	1
ref	222642	222643	3863_3860	1,1	0.3838	0.3095	169:176,31:24	1
ref	222559	222560	3860_3857	1,1	0.759	0.6824	119:123,81:77	1
ref	222433	222434	3857_3854	1,1	1	0.9161	131:132,69:68	1
ref	222269	222270	3854_3851	1,1	0.8233	0.7376	146:143,54:57	1
ref	222091	222092	3851_3848	1,1	4.0318e-12	3.6940e-12	107:40,93:160	1
ref	222015	222016	3848_3845	1,1	0.9165	0.8339	69:71,131:129	1
ref	220680	221770	3845_3831	0,1090	0.1563	0.1223	43:31,157:169	1
ref	221555	221556	3844_3841	1,1	0.7793	0.7067	29:34,128:135	2
ref	221278	221279	3841_3838	1,1	3.8887e-02	3.5780e-02	7:18,150:151	2
ref	221171	221172	3838_3835	1,1	0.8999	0.8899	41:43,116:126	2
ref	220924	220925	3835_3832	1,1	0.8098	0.75	49:50,108:119	2
ref	220246	220388	3831_3829	0,142	0.4068	0.3506	122:131,78:69	1
ref	220154	220155	3829_3826	1,1	0.1414	0.1152	138:123,62:77	1
ref	220080	220081	3826_3823	1,1	0.6891	0.617	105:100,95:100	1
ref	219801	219802	3823_3820	1,1	0.9175	0.8359	75:73,125:127	1
ref	219606	219607	3820_3817	1,1	0.6131	0.5439	112:118,88:82	1
ref	219360	219361	3817_3814	1,1	0.6106	0.5411	78:84,122:116	1
ref	219173	219174	3814_3811	1,1	0.9104	0.8218	147:145,53:55	1
ref	219023	219024	3811_3808	1,1	1	0.9198	112:111,88:89	1
ref	218933	218933	3808_3785	0,1144	0.7565	0.6413	175:178,25:22	1
ref	218933	218933	3807_3804	1,1	0.362	0.2337	14:16,11:6	2
ref	218933	218933	3804_3801	1,1	0.18	0.1101	21:14,4:8	2
ref	218933	218933	3801_3798	1,1	0.7733	0.6808	14:11,11:11	2
ref	218933	218933	3798_3795	1,1	0.362	0.2337	14:16,11:6	2
ref	218933	218933	3795_3792	1,1	1	0.9793	9:8,16:14	2
ref	218933	218933	3792_3789	1,1	0.76	0.7236	17:16,8:6	2
ref	218933	218933	3789_3786	1,1	0.3314	0.2783	17:18,8:4	2
ref	218773	218774	3785_3782	1,1	0.8203	0.7332	146:149,54:51	1
ref	218644	218645	3782_3779	1,1	0.737	0.6542	147:143,53:57	1
ref	218511	218512	3779_3776	1,1	0.543	0.4779	80:87,120:113	1
ref	218367	218368	3776_3773	1,1	0.1613	0.1335	105:90,95:110	1
ref	218095	218096	3773_3770	1,1	0.6251	0.5411	160:155,40:45	1
ref	217871	217872	3770_3767	1,1	0.858	0.7199	16:18,184:182	1
ref	217791	217792	3767_3764	1,1	0.5241	0.4444	165:159,35:41	1
ref	217109	217110	3762_3759	1,1	1	0.897	163:164,37:36	1
ref	216995	216996	3759_3756	1,1	1	0.9192	83:84,117:116	1
ref	216786	216896	3756_3754	0,110	0.3273	0.2397	17:11,183:189	1
ref	216622	216623	3754_3751	1,1	0.3839	0.3273	56:65,144:135	1
ref	216554	216554	3751_3749	0,246	0.8498	0.7042	184:186,16:14	1
ref	216417	216418	3749_3746	1,1	1	1	95:95,105:105	1
ref	216215	216216	3746_3743	1,1	0.4259	0.319	184:189,16:11	1
ref	215976	215977	3743_3740	1,1	1	0.5622	199:198,1:2	1
ref	215818	215819	3740_3737	1,1	0.2284	0.192	98:85,102:115	1
ref	215609	215610	3737_3734	1,1	0.9104	0.8218	53:55,147:145	1
ref	215360	215361	3734_3731	1,1	0.845	0.6951	187:185,13:15	1
ref	215066	215066	3731_3729	0,295	1	0.736	195:196,5:4	1
ref	214909	214910	3729_3726	1,1	4.2968e-02	3.2871e-02	155:136,45:64	1
ref	214031	214678	3726_3718	0,647	0.6321	0.5227	24:20,176:180	1
ref	214403	214404	3725_3722	1,1	0.119	0.102	23:14,153:166	2
ref	214306	214307	3722_3719	1,1	0.4523	0.4289	107:102,69:78	2
ref	213911	213911	3718_3713	0,380	2.2579e-02	1.6632e-02	55:35,145:165	1
ref	213911	213911	3717_3714	1,1	1.3072e-02	1.1909e-02	63:49,82:116	2
ref	213617	213618	3713_3710	1,1	0.7937	0.6946	166:163,34:37	1
ref	213353	213516	3710_3708	0,163	9.2800e-07	6.6501e-07	35:80,165:120	1
ref	212820	212821	3700_3697	1,1	0.9069	0.8149	47:49,153:151	1
ref	212637	212638	3697_3694	1,1	3.5589e-02	2.7799e-02	90:112,110:88	1
ref	212571	212572	3694_3691	1,1	0.1116	6.5436e-02	4:11,196:189	1
ref	212274	212275	3691_3688	1,1	1	0.9035	156:157,44:43	1
ref	212185	212185	3688_3686	0,158	8.7401e-02	7.0440e-02	99:81,101:119	1
ref	212121	212122	3686_3683	1,1	0.1803	0.1408	39:28,161:172	1
ref	211992	211992	3683_3678	0,233	0.2754	0.2033	187:180,13:20	1
ref	211992	211992	3682_3679	1,1	3.2488e-02	2.2862e-02	11:9,2:11	2
ref	211878	211879	3678_3675	1,1	2.3466e-02	1.6528e-02	38:21,162:179	1
ref	211595	211596	3675_3672	1,1	0.88	0.7624	174:176,26:24	1
ref	211535	211535	3672_3664	0,430	0.9093	0.8197	147:149,53:51	1
ref	211535	211535	3671_3668	1,1	0.7129	0.6569	50:47,3:4	2
ref	211535	211535	3668_3665	1,1	5.7296e-03	3.3150e-03	18:32,35:19	2
ref	211117	211416	3664_3662	0,299	1	0.9176	75:74,125:126	1
ref	210909	210910	3662_3659	1,1	0.6251	0.5411	160:155,40:45	1
ref	210807	210808	3659_3656	1,1	0.9032	0.8077	44:42,156:158	1
ref	210658	210659	3656_3653	1,1	1	0.8788	175:176,25:24	1
ref	210377	210533	3653_3651	0,156	0.4808	0.4203	108:116,92:84	1
ref	210108	210109	3651_3648	1,1	0.4411	0.335	188:183,12:17	1
ref	210043	210044	3648_3645	1,1	0.3908	0.2829	191:186,9:14	1
ref	209885	209886	3645_3642	1,1	0.5006	0.3994	178:183,22:17	1
ref	209717	209718	3642_3639	1,1	0.7612	0.6853	114:118,86:82	1
ref	209517	209518	3639_3636	1,1	0.4839	0.4236	106:98,94:102	1
ref	209358	209359	3636_3633	1,1	0.8385	0.7597	121:118,79:82	1
ref	209140	209141	3633_3630	1,1	0.6756	0.6008	132:127,68:73	1
ref	208996	208997	3630_3627	1,1	0.8192	0.7316	150:147,50:53	1
ref	208905	208905	3627_3613	0,955	0.2849	0.2348	149:159,51:41	1
ref	208905	208905	3626_3623	1,1	0.5233	0.4098	28:26,23:15	2
ref	208905	208905	3623_3620	1,1	1	0.9726	35:28,16:13	2
ref	208905	208905	3620_3617	1,1	0.6185	0.5804	41:31,10:10	2
ref	208905	208905	3617_3614	1,1	0.6258	0.4208	48:40,3:1	2
ref	208757	208758	3613_3610	1,1	0.3903	0.3261	154:162,46:38	1
ref	208692	208693	3610_3607	1,1	0.3941	0.3062	178:184,22:16	1
ref	208622	208623	3607_3604	1,1	1.9966e-02	1.0406e-02	191:199,9:1	1
ref	208389	208468	3604_3602	0,79	0.4616	0.4001	127:135,73:65	1
ref	208133	208134	3602_3599	1,1	8.7979e-02	7.0951e-02	83:101,117:99	1
ref	207942	207943	3599_3596	1,1	0.3284	0.2775	66:56,134:144	1
ref	207875	207876	3596_3593	1,1	0.9098	0.8207	52:54,148:146	1
ref	207720	207721	3593_3590	1,1	0.1591	0.1315	118:103,82:97	1
ref	207207	207446	3590_3588	0,239	0.2733	0.2236	38:48,162:152	1
ref	206949	206949	3588_3574	0,673	0.3803	0.241	196:192,4:8	1
ref	206949	206949	3587_3584	1,1	1	0.6788	2:5,2:3	2
ref	206949	206949	3584_3581	1,1	0.5758	0.4076	1:4,3:4	2
ref	206876	206877	3574_3571	1,1	0.3282	0.2713	47:38,153:162	1
ref	206746	206747	3571_3568	1,1	0.9168	0.8345	70:72,130:128	1
ref	206528	206529	3568_3565	1,1	0.3282	0.2713	162:153,38:47	1
ref	206282	206283	3565_3562	1,1	0.1964	0.1404	20:12,180:188	1
ref	205448	206196	3562_3548	0,748	0.5399	0.4745	124:117,76:83	1
ref	206025	206026	3561_3558	1,1	0.2924	0.2145	66:77,10:6	2
ref	205816	205817	3558_3555	1,1	0.7423	0.6737	47:54,29:29	2
ref	205620	205621	3555_3552	1,1	0.1689	0.1284	57:53,19:30	2
ref	205511	205512	3552_3549	1,1	0.2004	0.1557	53:66,23:17	2
ref	205295	205295	3548_3525	0,1375	1.2680e-04	8.7934e-05	91:130,109:70	1
ref	205295	205295	3547_3544	1,1	6.3630e-02	5.1358e-02	29:10,80:60	2
ref	205295	205295	3544_3541	1,1	0.8772	0.7835	46:31,63:39	2
ref	205295	205295	3541_3538	1,1	0.3346	0.2895	99:60,10:10	2
ref	205295	205295	3538_3535	1,1	0.6432	0.6041	65:39,44:31	2
ref	205295	205295	3535_3532	1,1	0.3711	0.2999	100:67,9:3	2
ref	205295	205295	3532_3529	1,1	9.3569e-08	4.3312e-07	68:67,41:3	2
ref	205295	205295	3529_3526	1,1	0.8731	0.7425	40:24,69:46	2
ref	204277	204998	3525_3517	0,721	0.5101	0.4098	18:23,182:177	1
ref	204726	204727	3524_3521	1,1	0.2391	0.2024	82:68,100:109	2
ref	204513	204514	3521_3518	1,1	0.2362	0.2007	16:23,166:154	2
ref	204169	204170	3517_3514	1,1	1	0.8922	32:33,168:167	1
ref	204053	204054	3514_3511	1,1	0.7304	0.6047	183:180,17:20	1
ref	203772	203772	3511_3509	0,257	5.6082e-02	3.5258e-02	183:193,17:7	1
ref	203639	203639	3509_3507	0,231	0.2721	0.2167	164:173,36:27	1
ref	203373	203374	3507_3504	1,1	0.7868	0.5864	194:192,6:8	1
ref	202386	203238	3504_3490	0,852	2.8730e-04	2.0076e-04	107:143,93:57	1
ref	203110	203111	3503_3500	1,1	1	0.7863	89:54,4:3	2
ref	202917	202918	3500_3497	1,1	5.6048e-03	3.9374e-03	15:21,78:36	2
ref	202728	202729	3497_3494	1,1	0.8353	0.8008	75:45,18:12	2
ref	202512	202513	3494_3491	1,1	0.2887	0.1918	13:4,80:53	2
ref	201774	202255	3490_3482	0,481	0.1732	0.1306	30:20,170:180	1
ref	201949	201950	3486_3483	1,1	0.3721	0.3312	141:156,29:24	2
ref	201393	201393	3479_3468	0,568	2.2361e-02	1.7066e-02	115:138,85:62	1
ref	201393	201393	3478_3475	1,1	0.3586	0.3156	58:47,27:15	2
ref	201393	201393	3475_3472	1,1	6.9203e-03	4.6574e-03	46:19,39:43	2
ref	201393	201393	3472_3469	1,1	0.1989	0.156	64:40,21:22	2
ref	201317	201318	3468_3465	1,1	0.484	0.4237	96:104,104:96	1
ref	201028	201029	3465_3462	1,1	0.2413	0.1931	169:159,31:41	1
ref	200181	200935	3462_3451	0,754	0.8976	0.7968	36:38,164:162	1
ref	200771	200772	3461_3458	1,1	0.897	0.8434	40:38,124:124	2
ref	200554	200555	3458_3455	1,1	0.7048	0.659	120:122,44:40	2
ref	200360	200361	3455_3452	1,1	0.8235	0.7478	93:89,71:73	2
ref	199014	199973	3451_3440	0,959	0.4829	0.4226	103:111,97:89	1
ref	199696	199697	3450_3447	1,1	5.1574e-02	3.9324e-02	46:29,51:60	2
ref	199460	199461	3447_3444	1,1	1	0.9849	47:43,50:46	2
ref	199229	199230	3444_3441	1,1	0.4827	0.3965	3:5,94:84	2
ref	198795	198796	3440_3437	1,1	0.7304	0.6047	180:183,20:17	1
ref	198706	198707	3437_3434	1,1	0.858	0.7199	16:18,184:182	1
ref	198566	198567	3434_3431	1,1	0.9143	0.8296	138:136,62:64	1
ref	198437	198438	3431_3428	1,1	0.4584	0.3967	129:137,71:63	1
ref	198306	198306	3428_3426	0,154	0.5349	0.4375	179:174,21:26	1
ref	197957	197958	3423_3420	1,1	0.455	0.3498	182:187,18:13	1
ref	196534	197406	3418_3404	0,872	0.3273	0.2397	189:183,11:17	1
ref	197302	197303	3417_3414	1,1	1	0.6988	5:9,6:8	2
ref	196891	196892	3411_3408	1,1	0.6195	0.3299	10:13,1:4	2
ref	196472	196472	3404_3402	0,169	0.684	0.6109	116:121,84:79	1
ref	196345	196346	3402_3399	1,1	0.3162	0.2655	139:149,61:51	1
ref	196172	196172	3399_3364	0,2329	0.3079	0.2621	114:125,86:75	1
ref	196172	196172	3398_3395	1,1	0.3139	0.3058	73:59,13:16	2
ref	196172	196172	3395_3392	1,1	0.6238	0.3809	83:74,3:1	2
ref	196172	196172	3392_3389	1,1	3.1020e-04	2.4571e-04	10:27,76:48	2
ref	196172	196172	3389_3386	1,1	3.4082e-05	3.3670e-05	43:61,43:14	2
ref	196172	196172	3386_3383	1,1	0.7149	0.6668	64:58,22:17	2
ref	196172	196172	3383_3380	1,1	0.398	0.3646	70:65,16:10	2
ref	196172	196172	3380_3377	1,1	0.7454	0.7375	54:49,32:26	2
ref	196172	196172	3377_3374	1,1	0.3687	0.3021	76:62,10:13	2
ref	196172	196172	3374_3371	1,1	0.1435	0.1104	69:52,17:23	2
ref	196172	196172	3371_3368	1,1	0.8752	0.8637	47:42,39:33	2
ref	196172	196172	3368_3365	1,1	0.152	0.117	33:38,53:37	2
ref	196105	196106	3364_3361	1,1	0.6141	0.5451	84:90,116:110	1
ref	196011	196011	3361_3359	0,141	0.6394	0.4807	189:192,11:8	1
ref	195745	195746	3359_3356	1,1	0.3036	0.2578	118:129,82:71	1
ref	195531	195531	3356_3345	0,784	3.0950e-08	2.8817e-08	181:136,19:64	1
ref	195531	195531	3352_3349	1,1	0.6079	0.5453	8:32,11:32	2
ref	195531	195531	3349_3346	1,1	1	0.9783	13:44,6:20	2
ref	195041	195291	3345_3343	0,250	0.9114	0.8238	55:57,145:143	1
ref	194764	194764	3343_3341	0,154	0.6886	0.6163	109:104,91:96	1
ref	194487	194488	3341_3338	1,1	8.8862e-02	7.1733e-02	106:88,94:112	1
ref	194215	194216	3338_3335	1,1	0.4237	0.3681	103:94,97:106	1
ref	193922	193923	3335_3332	1,1	1.0936e-20	0	119:30,81:170	1
ref	193724	193725	3332_3329	1,1	0.2363	0.1965	69:57,131:143	1
ref	193662	193663	3329_3326	1,1	6.3501e-12	5.0476e-12	131:62,69:138	1
ref	193567	193568	3326_3323	1,1	7.8917e-22	2.4940e-21	166:73,34:127	1
ref	193280	193281	3323_3320	1,1	0.4451	0.3827	64:56,136:144	1
ref	193039	193040	3320_3317	1,1	0.6899	0.5944	168:164,32:36	1
ref	192868	192869	3317_3314	1,1	0.4451	0.3827	144:136,56:64	1
ref	192604	192605	3314_3311	1,1	2.9025e-10	2.1559e-10	119:56,81:144	1
ref	192304	192305	3311_3308	1,1	0.7274	0.6419	51:47,149:153	1
ref	192223	192223	3308_3306	0,289	0.7782	0.6723	169:172,31:28	1
ref	192154	192154	3306_3292	0,805	0.3069	0.2611	85:74,115:126	1
ref	192154	192154	3305_3302	1,1	0.1108	0.1075	67:86,48:40	2
ref	192154	192154	3302_3299	1,1	0.7963	0.7179	62:65,53:61	2
ref	192154	192154	3299_3296	1,1	2.8733e-07	3.8868e-07	103:77,12:49	2
ref	192154	192154	3296_3293	1,1	2.5967e-03	2.1614e-03	36:64,79:62	2
ref	191943	191944	3292_3289	1,1	0.6886	0.6163	109:104,91:96	1
ref	191504	191657	3289_3287	0,153	0.5314	0.4652	75:68,125:132	1
ref	191348	191349	3287_3284	1,1	0.419	0.3556	46:54,154:146	1
ref	191292	191293	3284_3281	1,1	0.7024	0.6102	36:40,164:160	1
ref	191068	191069	3281_3278	1,1	1	0.8908	169:168,31:32	1
ref	190874	190875	3278_3275	1,1	0.2726	0.1882	8:14,192:186	1
ref	190581	190582	3275_3272	1,1	4.0485e-19	0	131:196,69:4	1
ref	190081	190362	3272_3270	0,281	7.6592e-06	9.2167e-06	3:26,197:174	1
ref	189829	189830	3270_3267	1,1	6.5797e-03	4.8502e-03	115:142,85:58	1
ref	189565	189565	3267_3265	0,269	0.8192	0.6464	189:191,11:9	1
ref	189458	189459	3265_3262	1,1	5.9447e-02	4.6181e-02	66:48,134:152	1
ref	189276	189277	3262_3259	1,1	1	0.8922	168:167,32:33	1
ref	189020	189021	3259_3256	1,1	0.2456	0.2053	138:126,62:74	1
ref	188967	188968	3256_3253	1,1	0.3475	0.2399	188:193,12:7	1
ref	188820	188821	3253_3250	1,1	0.2105	0.175	135:122,65:78	1
ref	188548	188548	3250_3236	0,679	1	1	177:177,23:23	1
ref	188548	188548	3249_3246	1,1	3.3108e-02	1.5655e-02	13:5,10:18	2
ref	188548	188548	3243_3240	1,1	1	0.7672	11:10,12:13	2
ref	188548	188548	3240_3237	1,1	0.7494	0.5216	15:17,8:6	2
ref	188062	188282	3236_3234	0,220	0.1475	0.1208	118:133,82:67	1
ref	187801	187801	3234_3232	0,248	1	1	199:199,1:1	1
ref	187572	187693	3232_3230	0,121	0.419	0.3556	46:54,154:146	1
ref	187490	187491	3230_3227	1,1	0.539	0.4735	82:75,118:125	1
ref	186702	187200	3227_3216	0,498	0.1314	0.1025	46:33,154:167	1
ref	186979	186980	3226_3223	1,1	1	0.9174	108:118,46:49	2
ref	186903	186904	3223_3220	1,1	4.2116e-15	4.1300e-14	95:160,59:7	2
ref	186836	186837	3220_3217	1,1	6.6813e-02	6.3976e-02	124:147,30:20	2
ref	186605	186606	3216_3213	1,1	1	1	178:178,22:22	1
ref	184927	186395	3213_3184	0,1468	6.7789e-02	4.5598e-02	22:11,178:189	1
ref	186292	186293	3212_3209	1,1	0.1615	0.1278	169:185,9:4	2
ref	186069	186070	3209_3206	1,1	0.8558	0.8472	163:172,15:17	2
ref	185988	185989	3206_3203	1,1	9.2003e-02	8.5450e-02	110:100,68:89	2
ref	185908	185909	3203_3200	1,1	0.5877	0.5163	116:117,62:72	2
ref	185836	185837	3200_3197	1,1	1.5738e-03	1.3822e-03	162:186,16:3	2
ref	185735	185736	3197_3194	1,1	3.1959e-07	2.9193e-07	145:107,33:82	2
ref	185672	185673	3194_3191	1,1	4.6148e-02	4.4012e-02	41:28,137:161	2
ref	185384	185385	3191_3188	1,1	0.2837	0.2475	158:160,20:29	2
ref	185214	185215	3188_3185	1,1	0.1658	0.154	101:121,77:68	2
ref	184425	184844	3184_3176	0,419	0.2924	0.1882	5:10,195:190	1
ref	184689	184690	3183_3180	1,1	1.4119e-02	1.0155e-02	167:143,28:47	2
ref	184506	184507	3180_3177	1,1	0.1401	8.6505e-02	9:3,186:187	2
ref	184233	184234	3176_3173	1,1	1	0.736	195:196,5:4	1
ref	184133	184133	3173_3171	0,68	0.6047	0.5344	123:129,77:71	1
ref	184029	184030	3171_3168	1,1	0.9047	0.8107	156:154,44:46	1
ref	183905	183906	3168_3165	1,1	0.1885	0.1568	78:92,122:108	1
ref	183805	183806	3165_3162	1,1	0.3943	0.3302	161:153,39:47	1
ref	183544	183716	3162_3160	0,172	6.7013e-02	5.1903e-02	60:43,140:157	1
ref	183145	183363	3160_3158	0,218	1	0.9065	47:48,153:152	1
ref	182801	183081	3158_3156	0,280	0.7508	0.5218	6:4,194:196	1
ref	182663	182664	3156_3153	1,1	1	1	165:165,35:35	1
ref	182460	182461	3153_3150	1,1	0.2709	0.2298	110:98,90:102	1
ref	182273	182274	3150_3147	1,1	0.8414	0.7639	97:94,103:106	1
ref	182200	182201	3147_3144	1,1	0.7959	0.6978	35:38,165:162	1
ref	182109	182110	3144_3141	1,1	1	0.8879	30:29,170:171	1
ref	182028	182029	3141_3138	1,1	0.3838	0.3095	169:176,31:24	1
ref	181813	181814	3138_3135	1,1	0.7608	0.6848	81:85,119:115	1
ref	181516	181517	3135_3132	1,1	1	1	5:5,195:195	1
ref	181083	181255	3132_3130	0,172	0.4808	0.4203	84:92,116:108	1
ref	180944	180945	3130_3127	1,1	0.827	0.6609	190:188,10:12	1
ref	180677	180677	3127_3113	0,791	0.4704	0.3347	193:189,7:11	1
ref	180677	180677	3126_3123	1,1	0.3322	0.2051	4:3,3:8	2
ref	180677	180677	3123_3120	1,1	1	0.7324	6:10,1:1	2
ref	180677	180677	3120_3117	1,1	1	0.7324	6:10,1:1	2
ref	180677	180677	3117_3114	1,1	1	0.6287	4:5,3:6	2
ref	180549	180549	3113_3111	0,177	0.9087	0.8185	150:148,50:52	1
ref	180309	180310	3111_3108	1,1	0.2433	0.1994	54:43,146:157	1
ref	179998	180233	3108_3106	0,235	1	0.8042	8:9,192:191	1
ref	179830	179831	3106_3103	1,1	1	1	171:171,29:29	1
ref	179717	179718	3103_3100	1,1	0.1586	0.131	104:119,96:81	1
ref	179561	179562	3100_3097	1,1	0.386	0.3218	37:45,163:155	1
ref	179316	179316	3097_3092	0,351	0.1335	0.1096	109:93,91:107	1
ref	179316	179316	3093_3096	1,1	0.7177	0.5959	75:85,16:22	2
ref	179128	179129	3092_3089	1,1	0.8337	0.7528	132:129,68:71	1
ref	178838	178838	3089_3087	0,114	0.4325	0.3597	161:168,39:32	1
ref	177948	178756	3087_3076	0,808	1	1	46:46,154:154	1
ref	178542	178543	3086_3083	1,1	1	0.8762	129:130,25:24	2
ref	178328	178329	3083_3080	1,1	1	0.7351	150:149,4:5	2
ref	178071	178072	3080_3077	1,1	1	0.5618	153:152,1:2	2
ref	177714	177715	3076_3073	1,1	0.4157	0.3598	123:114,77:86	1
ref	177571	177572	3070_3067	1,1	0.7567	0.6795	73:77,127:123	1
ref	177457	177458	3067_3064	1,1	0.83	0.7473	138:135,62:65	1
ref	177351	177351	3064_3062	0,242	0.3327	0.2818	58:68,142:132	1
ref	177058	177059	3062_3059	1,1	0.8409	0.7633	107:110,93:90	1
ref	176860	176861	3059_3056	1,1	0.1614	0.1336	109:94,91:106	1
ref	176657	176762	3056_3054	0,105	0.8888	0.7794	29:31,171:169	1
ref	176449	176449	3054_3046	0,477	1	0.8142	191:190,9:10	1
ref	176449	176449	3053_3050	1,1	0.3034	0.1533	1:4,8:6	2
ref	176449	176449	3050_3047	1,1	1	0.9372	8:9,1:1	2
ref	176381	176382	3046_3043	1,1	4.6146e-19	0	166:80,34:120	1
ref	176091	176092	3043_3040	1,1	0.8414	0.764	102:105,98:95	1
ref	176009	176010	3040_3037	1,1	0.256	0.207	44:34,156:166	1
ref	175735	175736	3037_3034	1,1	0.535	0.4691	122:129,78:71	1
ref	175435	175436	3031_3028	1,1	1	0.9145	137:136,63:64	1
ref	175291	175292	3028_3025	1,1	0.2614	0.2167	151:140,49:60	1
ref	175186	175187	3025_3022	1,1	0.5697	0.4477	13:17,187:183	1
ref	174997	174998	3022_3019	1,1	1.3136e-02	9.7850e-03	51:75,149:125	1
ref	174888	174889	3019_3016	1,1	9.6893e-02	7.7895e-02	82:65,118:135	1
ref	174788	174788	3016_3014	0,87	0.709	0.5748	186:183,14:17	1
ref	174520	174521	3014_3011	1,1	0.5889	0.5166	141:135,59:65	1
ref	174454	174455	3011_3008	1,1	0.3838	0.3095	169:176,31:24	1
ref	174289	174290	3008_3005	1,1	7.2124e-02	5.5392e-02	37:53,163:147	1
ref	171426	174036	3005_2964	0,2610	0.4923	0.3588	8:12,192:188	1
ref	173908	173909	3004_3001	1,1	0.3334	0.2965	189:182,3:6	2
ref	173741	173742	3001_2998	1,1	0.8799	0.823	26:24,166:164	2
ref	173592	173593	2998_2995	1,1	0.7381	0.7202	56:58,136:130	2
ref	173298	173299	2995_2992	1,1	0.4409	0.3643	17:12,175:176	2
ref	172928	172929	2989_2986	1,1	0.1543	0.1444	137:121,55:67	2
ref	172668	172669	2986_2983	1,1	6.1218e-15	3.3862e-14	112:173,80:15	2
ref	172574	172575	2983_2980	1,1	0.1821	0.152	105:89,87:99	2
ref	172499	172500	2980_2977	1,1	0.1054	8.7620e-02	165:172,27:16	2
ref	172411	172412	2977_2974	1,1	1	0.9948	99:97,93:91	2
ref	172120	172121	2974_2971	1,1	0.7542	0.696	22:24,170:164	2
ref	171910	171911	2971_2968	1,1	2.6430e-05	2.7015e-05	53:20,139:168	2
ref	171636	171637	2968_2965	1,1	7.0373e-03	6.2940e-03	148:165,44:23	2
ref	171253	171254	2964_2961	1,1	0.6168	0.5482	107:101,93:99	1
ref	171149	171150	2961_2958	1,1	1	0.9174	126:127,74:73	1
ref	170868	170869	2958_2955	1,1	0.7999	0.7036	40:37,160:163	1
ref	170735	170735	2955_2947	0,416	0.8388	0.7602	120:117,80:83	1
ref	170735	170735	2954_2951	1,1	8.4107e-02	7.4004e-02	39:52,41:31	2
ref	170735	170735	2951_2948	1,1	0.3002	0.2582	70:77,10:6	2
ref	170528	170528	2947_2942	0,302	0.45	0.3643	178:172,22:28	1
ref	170528	170528	2946_2943	1,1	0.4798	0.3187	3:7,19:21	2
ref	170124	170476	2942_2937	0,352	3.3526e-02	2.6069e-02	96:74,104:126	1
ref	170233	170234	2941_2938	1,1	0.3333	0.3129	93:107,11:19	2
ref	170026	170027	2937_2934	1,1	0.6549	0.5012	12:9,188:191	1
ref	169969	169970	2934_2931	1,1	0.684	0.6109	116:121,84:79	1
ref	169747	169748	2931_2928	1,1	1	0.8471	14:15,186:185	1
ref	169615	169616	2928_2925	1,1	0.7325	0.6484	146:150,54:50	1
ref	169438	169439	2925_2922	1,1	1	0.8894	30:31,170:169	1
ref	169007	169143	2922_2920	0,136	0.8498	0.7042	16:14,184:186	1
ref	168708	168709	2920_2917	1,1	0.8326	0.7511	69:66,131:134	1
ref	167974	168646	2917_2906	0,672	0.1094	7.2870e-02	9:18,191:182	1
ref	168457	168458	2916_2913	1,1	0.1006	7.8786e-02	157:136,34:46	2
ref	168234	168235	2913_2910	1,1	0.3419	0.3006	138:140,53:42	2
ref	168133	168134	2910_2907	1,1	1	0.9473	31:30,160:152	2
ref	167837	167838	2906_2903	1,1	1	1	181:181,19:19	1
ref	167616	167617	2903_2900	1,1	1	0.8558	184:183,16:17	1
ref	167522	167523	2900_2897	1,1	0.8406	0.7629	88:91,112:109	1
ref	167444	167445	2897_2894	1,1	0.2524	0.198	33:24,167:176	1
ref	167160	167160	2894_2892	0,70	1	1	40:40,160:160	1
ref	166991	166992	2892_2889	1,1	8.8749e-02	7.1633e-02	113:95,87:105	1
ref	166848	166849	2889_2886	1,1	1	1	190:190,10:10	1
ref	166590	166737	2886_2884	0,147	0.1581	0.1209	35:24,165:176	1
ref	166360	166361	2884_2881	1,1	1	0.6527	198:197,2:3	1
ref	166214	166215	2881_2878	1,1	0.8414	0.764	95:98,105:102	1
ref	166001	166002	2878_2875	1,1	0.4188	0.363	81:90,119:110	1
ref	165719	165720	2875_2872	1,1	0.5968	0.5082	37:32,163:168	1
ref	164543	165614	2872_2855	0,1071	0.5194	0.4521	140:133,60:67	1
ref	165554	165555	2871_2868	1,1	0.2316	0.1622	53:53,7:14	2
ref	165127	165128	2865_2862	1,1	0.7343	0.6044	5:4,55:63	2
ref	165050	165051	2862_2859	1,1	0.351	0.3132	23:20,37:47	2
ref	164789	164790	2859_2856	1,1	1	0.8266	51:56,9:11	2
ref	164294	164295	2855_2852	1,1	5.3119e-02	2.9517e-02	197:189,3:11	1
ref	162214	164235	2852_2823	0,2021	0.8203	0.7332	54:51,146:149	1
ref	164002	164003	2851_2848	1,1	1.2012e-02	9.8331e-03	130:116,16:33	2
ref	163719	163720	2848_2845	1,1	0.5494	0.4834	53:60,93:89	2
ref	163520	163521	2845_2842	1,1	4.4050e-02	3.5423e-02	95:79,51:70	2
ref	163468	163469	2842_2839	1,1	0.8016	0.7122	99:104,47:45	2
ref	163369	163370	2839_2836	1,1	0.3709	0.1834	145:145,1:4	2
ref	163243	163244	2836_2833	1,1	2.5109e-02	2.1912e-02	133:145,13:4	2
ref	163005	163006	2833_2830	1,1	0.223	0.2185	91:103,55:46	2
ref	162749	162750	2830_2827	1,1	0.7968	0.76	138:142,8:7	2
ref	162497	162498	2827_2824	1,1	0.7855	0.611	6:8,140:141	2
ref	162050	162051	2823_2820	1,1	0.8292	0.7462	61:64,139:136	1
ref	161935	161936	2820_2817	1,1	0.2899	0.2265	29:21,171:179	1
ref	160360	161777	2817_2797	0,1417	0.8101	0.7184	43:46,157:154	1
ref	161539	161540	2816_2813	1,1	0.905	0.8143	55:52,102:102	2
ref	161480	161481	2813_2810	1,1	0.8207	0.772	80:81,77:73	2
ref	161340	161341	2810_2807	1,1	1	0.938	131:129,26:25	2
ref	161104	161105	2807_2804	1,1	0.6226	0.3236	154:153,3:1	2
ref	160846	160847	2804_2801	1,1	0.1346	0.1269	57:69,100:85	2
ref	160615	160616	2801_2798	1,1	0.2901	0.1988	147:149,10:5	2
ref	160128	160129	2797_2794	1,1	0.6515	0.5722	144:149,56:51	1
ref	160015	160016	2794_2791	1,1	3.5868e-03	2.2441e-03	184:197,16:3	1
ref	159873	159874	2791_2788	1,1	0.8292	0.7462	136:139,64:61	1
ref	159794	159795	2788_2785	1,1	1	0.8226	190:189,10:11	1
ref	159619	159620	2785_2782	1,1	8.8977e-02	6.9880e-02	155:139,45:61	1
ref	159456	159457	2782_2779	1,1	1.6893e-07	1.1476e-07	129:76,71:124	1
ref	159347	159348	2779_2776	1,1	0.8086	0.7162	45:42,155:158	1
ref	159128	159129	2776_2773	1,1	0.1328	0.109	98:114,102:86	1
ref	158906	158906	2773_2753	0,1155	0.8414	0.7639	106:103,94:97	1
ref	158906	158906	2772_2769	1,1	1	0.9171	40:42,54:55	2
ref	158906	158906	2769_2766	1,1	0.7729	0.7183	46:50,48:47	2
ref	158906	158906	2766_2763	1,1	0.7037	0.6348	79:79,15:18	2
ref	158906	158906	2763_2760	1,1	3.6258e-02	2.6397e-02	28:44,66:53	2
ref	158906	158906	2760_2757	1,1	0.8849	0.8442	51:54,43:43	2
ref	158906	158906	2757_2754	1,1	0.1331	0.1274	38:29,56:68	2
ref	158696	158697	2753_2750	1,1	0.6335	0.5509	152:157,48:43	1
ref	158410	158411	2750_2747	1,1	0.3647	0.3138	107:117,93:83	1
ref	158229	158230	2747_2744	1,1	0.8401	0.7621	115:112,85:88	1
ref	157971	157972	2744_2741	1,1	0.5006	0.4318	149:142,51:58	1
ref	157797	157798	2741_2738	1,1	0.8337	0.7528	68:71,132:129	1
ref	157642	157643	2738_2735	1,1	0.918	0.8368	77:75,123:125	1
ref	156402	157514	2735_2718	0,1112	0.4575	0.3724	23:29,177:171	1
ref	157352	157353	2734_2731	1,1	1.9857e-02	1.7457e-02	28:13,149:158	2
ref	156926	156927	2728_2725	1,1	0.8297	0.7666	80:80,97:91	2
ref	156641	156642	2725_2722	1,1	5.3712e-02	4.7958e-02	56:38,121:133	2
ref	156516	156517	2722_2719	1,1	5.7028e-02	5.1875e-02	58:40,119:131	2
ref	156025	156158	2718_2716	0,133	0.3347	0.2838	141:131,59:69	1
ref	155778	155779	2716_2713	1,1	0.7646	0.6529	24:27,176:173	1
ref	155483	155484	2713_2710	1,1	1	0.8947	34:35,166:165	1
ref	155347	155348	2710_2707	1,1	0.2883	0.2155	21:14,179:186	1
ref	155169	155170	2707_2704	1,1	0.9204	0.8415	100:102,100:98	1
ref	155088	155088	2704_2699	0,227	0.3717	0.3149	51:60,149:140	1
ref	155088	155088	2703_2700	1,1	1	0.8968	31:30,118:110	2
ref	154878	154879	2699_2696	1,1	0.2488	0.2084	124:136,76:64	1
ref	154752	154753	2696_2693	1,1	2.7534e-02	2.1098e-02	119:141,81:59	1
ref	154453	154453	2693_2691	0,203	5.1721e-02	3.5863e-02	185:172,15:28	1
ref	154311	154311	2691_2689	0,119	0.742	0.6209	181:178,19:22	1
ref	154107	154108	2689_2686	1,1	0.1239	8.8151e-02	186:176,14:24	1
ref	154041	154041	2686_2666	0,1164	1.4949e-21	0	195:122,5:78	1
ref	152966	153819	2666_2652	0,853	0.2194	0.1726	173:163,27:37	1
ref	153721	153722	2665_2662	1,1	1	0.8824	4:5,23:32	2
ref	153518	153519	2662_2659	1,1	0.5861	0.4325	20:24,7:13	2
ref	153252	153253	2659_2656	1,1	0.5374	0.4908	23:29,4:8	2
ref	153186	153187	2656_2653	1,1	0.6146	0.5446	14:22,13:15	2
ref	152755	152756	2652_2649	1,1	0.7356	0.6524	144:148,56:52	1
ref	152672	152673	2649_2646	1,1	0.2524	0.198	24:33,176:167	1
ref	152475	152476	2646_2643	1,1	0.3624	0.2978	160:168,40:32	1
ref	152285	152342	2643_2641	0,57	0.1698	0.1371	45:58,155:142	1
ref	152174	152175	2641_2638	1,1	0.5059	0.4245	169:163,31:37	1
ref	151899	151900	2638_2635	1,1	0.8732	0.7493	179:177,21:23	1
ref	151710	151711	2635_2632	1,1	0.2399	0.1962	42:53,158:147	1
ref	151644	151645	2632_2629	1,1	0.4126	0.349	44:52,156:148	1
ref	151469	151469	2629_2627	0,251	0.123	9.2892e-02	164:176,36:24	1
ref	150703	151372	2627_2616	0,669	1	1	132:132,68:68	1
ref	151097	151098	2626_2623	1,1	1	0.698	65:64,3:4	2
ref	150976	150977	2623_2620	1,1	0.7638	0.5454	63:61,5:7	2
ref	150848	150849	2620_2617	1,1	0.6031	0.488	37:41,31:27	2
ref	150602	150602	2616_2602	0,1022	1	0.9141	63:62,137:138	1
ref	150602	150602	2615_2612	1,1	0.7181	0.6731	67:71,70:67	2
ref	150602	150602	2612_2609	1,1	1	0.917	34:35,103:103	2
ref	150602	150602	2609_2606	1,1	8.4495e-03	6.5476e-03	106:86,31:52	2
ref	150602	150602	2606_2603	1,1	0.6173	0.5622	48:53,89:85	2
ref	150308	150309	2602_2599	1,1	1.6132e-02	1.1604e-02	49:29,151:171	1
ref	150055	150056	2599_2596	1,1	3.1570e-02	2.4438e-02	68:90,132:110	1
ref	149902	149903	2596_2593	1,1	0.8337	0.7528	71:68,129:132	1
ref	149667	149668	2593_2590	1,1	0.7683	0.6582	25:28,175:172	1
ref	149243	149426	2590_2588	0,183	0.775	0.6678	30:27,170:173	1
ref	148975	148975	2588_2577	0,699	0.8856	0.7732	29:27,171:173	1
ref	148975	148975	2587_2584	1,1	0.4657	0.426	49:43,122:130	2
ref	148975	148975	2584_2581	1,1	1.2073e-02	9.3233e-03	85:62,86:111	2
ref	148975	148975	2581_2578	1,1	0.5149	0.4548	79:73,92:100	2
ref	148772	148773	2577_2574	1,1	2.7947e-02	2.0921e-02	140:160,60:40	1
ref	148510	148511	2574_2571	1,1	0.7052	0.6137	159:163,41:37	1
ref	148310	148311	2571_2568	1,1	1	1	47:47,153:153	1
ref	148013	148014	2568_2565	1,1	0.3103	0.2537	166:157,34:43	1
ref	147762	147763	2565_2562	1,1	0.1953	0.1545	42:31,158:169	1
ref	147575	147576	2562_2559	1,1	0.9015	0.8044	160:158,40:42	1
ref	147363	147363	2559_2557	0,283	0.3108	0.2601	151:141,49:59	1
ref	147127	147128	2557_2554	1,1	0.709	0.5748	186:183,14:17	1
ref	146920	146988	2554_2552	0,68	0.8916	0.785	33:31,167:169	1
ref	146644	146645	2552_2549	1,1	0.8393	0.761	115:118,85:82	1
ref	146379	146380	2549_2546	1,1	1	0.8661	180:181,20:19	1
ref	146118	146118	2546_2538	0,692	0.3485	0.2976	133:123,67:77	1
ref	146118	146118	2545_2542	1,1	5.4252e-03	3.8618e-03	34:57,33:20	2
ref	146118	146118	2542_2539	1,1	0.555	0.513	50:61,17:16	2
ref	145970	145971	2538_2535	1,1	0.1569	9.9874e-02	187:194,13:6	1
ref	145732	145733	2535_2532	1,1	0.8838	0.7698	28:26,172:174	1
ref	145641	145642	2532_2529	1,1	0.1336	9.2379e-02	189:180,11:20	1
ref	145372	145373	2529_2526	1,1	0.8385	0.7597	79:82,121:118	1
ref	145083	145083	2526_2524	0,181	0.3473	0.2903	157:148,43:52	1
ref	144807	144807	2524_2504	0,1346	1.1682e-11	1.4052e-11	116:176,84:24	1
ref	144807	144807	2520_2517	1,1	0.6401	0.5648	33:11,51:13	2
ref	144807	144807	2517_2514	1,1	1	0.6015	78:23,6:1	2
ref	144807	144807	2514_2511	1,1	1	0.8917	81:23,3:1	2
ref	144807	144807	2511_2508	1,1	0.7923	0.6812	21:7,63:17	2
ref	144807	144807	2508_2505	1,1	0.2327	0.1453	66:22,18:2	2
ref	144688	144689	2504_2501	1,1	3.3863e-03	2.3359e-03	46:23,154:177	1
ref	144564	144565	2501_2498	1,1	0.292	0.2417	43:53,157:147	1
ref	144248	144383	2498_2496	0,135	0.599	0.528	66:72,134:128	1
ref	144092	144093	2496_2493	1,1	0.2237	0.1875	77:90,123:110	1
ref	143301	144006	2493_2482	0,705	0.4512	0.3892	133:141,67:59	1
ref	143867	143868	2492_2489	1,1	4.8983e-02	3.4789e-02	26:34,41:25	2
ref	143577	143578	2489_2486	1,1	0.8034	0.7706	9:9,58:50	2
ref	143467	143468	2486_2483	1,1	1	0.991	33:29,34:30	2
ref	143162	143163	2482_2479	1,1	0.1489	0.1181	149:162,51:38	1
ref	142941	142942	2479_2476	1,1	0.8902	0.7823	30:32,170:168	1
ref	142111	142734	2476_2468	0,623	0.4531	0.3912	68:60,132:140	1
ref	142585	142586	2475_2472	1,1	4.2529e-02	3.9204e-02	38:57,94:83	2
ref	142370	142371	2472_2469	1,1	1	0.835	127:134,5:6	2
ref	141850	141851	2468_2465	1,1	0.3473	0.2903	148:157,52:43	1
ref	141749	141750	2465_2462	1,1	2.8042e-10	3.4637e-10	182:130,18:70	1
ref	141329	141330	2459_2456	1,1	0.9165	0.8339	129:131,71:69	1
ref	141104	141105	2456_2453	1,1	1	0.8364	13:12,187:188	1
ref	140796	140984	2453_2451	0,188	0.7128	0.6234	40:44,160:156	1
ref	140714	140715	2451_2448	1,1	0.845	0.6951	187:185,13:15	1
ref	140570	140571	2448_2445	1,1	0.737	0.6542	57:53,143:147	1
ref	139795	140395	2445_2434	0,600	0.8285	0.7451	137:140,63:60	1
ref	140230	140231	2444_2441	1,1	0.208	0.1066	58:59,5:1	2
ref	140149	140150	2441_2438	1,1	1	0.8886	50:47,13:13	2
ref	139937	139938	2438_2435	1,1	0.3558	0.3016	4:7,59:53	2
ref	139736	139737	2434_2431	1,1	1	0.9203	97:96,103:104	1
ref	139519	139520	2431_2428	1,1	2.6463e-02	1.9150e-02	155:173,45:27	1
ref	139222	139223	2428_2425	1,1	0.7398	0.6577	55:59,145:141	1
ref	138647	138945	2425_2420	0,298	8.0756e-02	5.9096e-02	34:21,166:179	1
ref	138732	138733	2424_2421	1,1	0.1781	0.1622	117:138,49:41	2
ref	138488	138488	2420_2403	0,1069	3.4905e-02	2.6922e-02	121:142,79:58	1
ref	138488	138488	2419_2416	1,1	0.6548	0.5975	64:49,15:9	2
ref	138488	138488	2416_2413	1,1	0.4595	0.3797	56:37,23:21	2
ref	138488	138488	2413_2410	1,1	1	0.9393	54:40,25:18	2
ref	138488	138488	2410_2407	1,1	0.4886	0.4192	45:29,34:29	2
ref	138488	138488	2407_2404	1,1	0.4154	0.3801	20:11,59:47	2
ref	138250	138251	2403_2400	1,1	0.9143	0.8296	138:136,62:64	1
ref	137953	137954	2400_2397	1,1	1	0.8595	18:17,182:183	1
ref	137792	137793	2397_2394	1,1	0.5925	0.5032	31:36,169:164	1
ref	137608	137609	2394_2391	1,1	1	0.9198	111:112,89:88	1
ref	137438	137439	2391_2388	1,1	0.5097	0.4417	62:55,138:145	1
ref	137350	137351	2388_2385	1,1	1	1	189:189,11:11	1
ref	137188	137189	2385_2382	1,1	0.284	0.2282	162:171,38:29	1
ref	136892	136893	2382_2379	1,1	1.6517e-02	9.7173e-03	15:4,185:196	1
ref	136692	136692	2379_2374	0,300	0.1133	8.8400e-02	50:36,150:164	1
ref	136692	136692	2378_2375	1,1	0.4978	0.4494	75:75,75:89	2
ref	136451	136452	2374_2371	1,1	0.6026	0.532	131:125,69:75	1
ref	136175	136175	2371_2369	0,202	0.2692	0.2196	153:163,47:37	1
ref	135647	135878	2369_2367	0,231	0.7516	0.6729	130:134,70:66	1
ref	135563	135564	2367_2364	1,1	1	0.8863	29:28,171:172	1
ref	135284	135285	2364_2361	1,1	1.2173e-26	1.0571e-25	133:30,67:170	1
ref	135068	135069	2361_2358	1,1	0.123	9.2892e-02	164:176,36:24	1
ref	134853	134854	2358_2355	1,1	0.3135	0.2628	150:140,50:60	1
ref	134663	134664	2355_2352	1,1	1	1	167:167,33:33	1
ref	134448	134449	2352_2349	1,1	0.2666	0.2255	80:92,120:108	1
ref	134325	134326	2349_2346	1,1	1	1	6:6,194:194	1
ref	134037	134037	2346_2344	0,289	2.7400e-10	2.4785e-10	89:31,111:169	1
ref	133855	133856	2344_2341	1,1	1.7688e-02	1.3426e-02	64:88,136:112	1
ref	133640	133640	2341_2339	0,266	1	0.9141	63:62,137:138	1
ref	133465	133466	2339_2336	1,1	0.3437	0.2868	158:149,42:51	1
ref	133368	133369	2336_2333	1,1	8.9740e-02	6.4838e-02	30:18,170:182	1
ref	133282	133283	2333_2330	1,1	0.5818	0.5085	145:139,55:61	1
ref	133074	133075	2330_2327	1,1	0.7574	0.6803	126:122,74:78	1
ref	133017	133018	2327_2324	1,1	0.7996	0.6098	9:7,191:193	1
ref	132757	132758	2324_2321	1,1	0.7561	0.6787	124:128,76:72	1
ref	132499	132500	2321_2318	1,1	0.449	0.2526	195:198,5:2	1
ref	132367	132368	2318_2315	1,1	0.5006	0.4318	51:58,149:142	1
ref	132108	132109	2315_2312	1,1	0.3475	0.2399	193:188,7:12	1
ref	131899	131899	2312_2307	0,325	0.6475	0.5675	151:146,49:54	1
ref	131899	131899	2311_2308	1,1	1	0.9416	33:36,16:18	2
ref	131810	131811	2307_2304	1,1	0.1057	8.5768e-02	123:106,77:94	1
ref	131690	131691	2304_2301	1,1	0.832	0.7502	132:135,68:65	1
ref	131476	131477	2301_2298	1,1	1	1	31:31,169:169	1
ref	131180	131181	2298_2295	1,1	0.1475	0.119	137:151,63:49	1
ref	130882	130883	2295_2292	1,1	1	1	42:42,158:158	1
ref	130732	130733	2292_2289	1,1	0.5361	0.4703	121:128,79:72	1
ref	130567	130567	2289_2287	0,116	0.7606	0.6473	174:177,26:23	1
ref	130484	130484	2287_2282	0,403	1	0.9027	158:157,42:43	1
ref	130484	130484	2286_2283	1,1	1	0.8862	27:27,15:16	2
ref	130385	130386	2282_2279	1,1	2.8216e-05	2.0490e-05	18:50,182:150	1
ref	130091	130091	2279_2277	0,135	5.0617e-11	3.6300e-10	197:157,3:43	1
ref	129950	129950	2277_2269	0,699	1	0.909	149:148,51:52	1
ref	129950	129950	2276_2273	1,1	1.0382e-02	7.8404e-03	20:34,31:18	2
ref	129950	129950	2273_2270	1,1	0.264	0.1751	46:42,5:10	2
ref	129843	129844	2269_2266	1,1	0.6026	0.532	131:125,69:75	1
ref	129765	129766	2266_2263	1,1	0.2465	0.2025	156:145,44:55	1
ref	129361	129688	2263_2258	0,327	0.3678	0.3169	91:101,109:99	1
ref	129620	129621	2262_2259	1,1	7.9931e-02	6.5817e-02	22:31,87:68	2
ref	129265	129266	2258_2255	1,1	1	1	14:14,186:186	1
ref	129087	129088	2255_2252	1,1	0.466	0.4047	132:124,68:76	1
ref	129003	129003	2252_2250	0,274	1	1	197:197,3:3	1
ref	128865	128866	2250_2247	1,1	1	0.8517	15:16,185:184	1
ref	128733	128734	2247_2244	1,1	3.7141e-03	2.7074e-03	111:140,89:60	1
ref	128549	128550	2244_2241	1,1	0.3196	0.2628	45:36,155:164	1
ref	128465	128465	2241_2239	0,141	0.1917	0.1598	84:98,116:102	1
ref	128381	128382	2239_2236	1,1	0.9197	0.8401	88:86,112:114	1
ref	128279	128280	2236_2233	1,1	6.4531e-02	5.1176e-02	68:87,132:113	1
ref	128127	128128	2233_2230	1,1	0.5818	0.5085	139:145,61:55	1
ref	127884	127995	2230_2228	0,111	1	0.703	4:3,196:197	1
ref	127609	127610	2225_2222	1,1	0.9062	0.8135	152:154,48:46	1
ref	127545	127545	2222_2193	0,1901	0.8648	0.7331	182:180,18:20	1
ref	127545	127545	2221_2218	1,1	1	0.8801	13:14,5:6	2
ref	127545	127545	2215_2212	1,1	0.2384	0.1538	16:14,2:6	2
ref	127545	127545	2212_2209	1,1	0.2778	0.2	15:13,3:7	2
ref	127545	127545	2209_2206	1,1	0.2603	0.1844	12:17,6:3	2
ref	127545	127545	2206_2203	1,1	2.0607e-02	1.2642e-02	17:12,1:8	2
ref	127545	127545	2203_2200	1,1	1	0.6119	17:18,1:2	2
ref	127545	127545	2200_2197	1,1	0.7568	0.732	8:10,10:10	2
ref	127545	127545	2197_2194	1,1	0.7446	0.5359	9:12,9:8	2
ref	127446	127447	2193_2190	1,1	1	0.8991	162:161,38:39	1
ref	127305	127305	2190_2167	0,1786	1	0.9172	127:128,73:72	1
ref	127305	127305	2189_2186	1,1	3.7021e-04	3.5557e-04	67:49,6:23	2
ref	127305	127305	2186_2183	1,1	0.4737	0.3999	48:52,25:20	2
ref	127305	127305	2183_2180	1,1	0.3979	0.3425	32:26,41:46	2
ref	127305	127305	2180_2177	1,1	0.4469	0.4141	57:52,16:20	2
ref	127305	127305	2177_2174	1,1	1	0.7719	67:67,6:5	2
ref	127305	127305	2174_2171	1,1	1	0.9591	53:52,20:20	2
ref	127305	127305	2171_2168	1,1	0.3087	0.2613	41:47,32:25	2
ref	127193	127194	2167_2164	1,1	0.5495	0.4725	152:158,48:42	1
ref	126946	126947	2164_2161	1,1	0.8732	0.7493	23:21,177:179	1
ref	126534	126769	2161_2159	0,235	0.6171	0.5484	105:99,95:101	1
ref	126405	126406	2159_2156	1,1	9.0493e-02	7.2243e-02	76:59,124:141	1
ref	126130	126131	2156_2153	1,1	0.8362	0.7564	124:127,76:73	1
ref	126060	126060	2153_2151	0,198	0.7639	0.6888	107:103,93:97	1
ref	124977	125845	2151_2137	0,868	1	0.9172	73:72,127:128	1
ref	125055	125056	2138_2141	1,1	0.6652	0.5882	97:94,30:34	2
ref	125274	125275	2141_2144	1,1	0.7072	0.6635	66:70,61:58	2
ref	125562	125563	2144_2147	1,1	0.3681	0.3411	52:45,75:83	2
ref	125739	125740	2147_2150	1,1	0.2471	0.2157	83:74,44:54	2
ref	124730	124731	2137_2134	1,1	0.599	0.528	134:128,66:72	1
ref	124640	124641	2134_2131	1,1	0.4704	0.3347	11:7,189:193	1
ref	124469	124469	2131_2129	0,292	0.6851	0.4107	196:198,4:2	1
ref	124246	124247	2129_2126	1,1	3.4019e-27	5.2431e-25	97:190,103:10	1
ref	124188	124188	2126_2121	0,251	0.1876	0.1508	39:51,161:149	1
ref	124188	124188	2125_2122	1,1	0.2606	0.235	42:48,119:101	2
ref	124058	124058	2121_2113	0,566	0.2773	0.2274	151:161,49:39	1
ref	124058	124058	2120_2117	1,1	0.504	0.4348	19:12,30:27	2
ref	124058	124058	2117_2114	1,1	4.3734e-02	3.3273e-02	22:9,27:30	2
ref	123821	123822	2113_2110	1,1	1	0.9051	46:45,154:155	1
ref	123617	123617	2110_2108	0,289	0.2205	0.1814	138:150,62:50	1
ref	123529	123530	2108_2105	1,1	0.3329	0.2585	182:175,18:25	1
ref	123257	123258	2105_2102	1,1	3.1624e-02	2.2831e-02	42:25,158:175	1
ref	122970	122971	2102_2099	1,1	1	0.863	19:18,181:182	1
ref	122878	122879	2099_2096	1,1	0.14	0.114	124:139,76:61	1
ref	122652	122653	2096_2093	1,1	1	0.5622	1:2,199:198	1
ref	122586	122587	2093_2090	1,1	0.7683	0.6582	25:28,175:172	1
ref	122357	122358	2090_2087	1,1	1	0.9169	71:72,129:128	1
ref	122290	122290	2087_2085	0,155	1	0.8471	186:185,14:15	1
ref	122222	122223	2085_2082	1,1	0.402	0.3381	41:49,159:151	1
ref	122101	122102	2082_2079	1,1	1	0.8226	11:10,189:190	1
ref	122012	122013	2079_2076	1,1	0.6788	0.5805	29:33,171:167	1
ref	121935	121936	2076_2073	1,1	0.7508	0.5218	6:4,194:196	1
ref	121664	121665	2073_2070	1,1	0.5053	0.4369	140:147,60:53	1
ref	121503	121504	2070_2067	1,1	2.0150e-23	9.3311e-23	127:31,73:169	1
ref	121343	121344	2067_2064	1,1	0.3685	0.294	171:178,29:22	1
ref	121205	121206	2064_2061	1,1	0.45	0.3643	22:28,178:172	1
ref	120946	120947	2061_2058	1,1	0.2698	0.2286	102:114,98:86	1
ref	120828	120829	2058_2055	1,1	0.3657	0.3149	115:105,85:95	1
ref	120723	120724	2055_2052	1,1	0.8331	0.7519	133:130,67:70	1
ref	120482	120483	2052_2049	1,1	0.8888	0.7794	31:29,169:171	1
ref	120344	120345	2049_2046	1,1	0.3475	0.2399	12:7,188:193	1
ref	120214	120215	2046_2043	1,1	0.4775	0.4169	87:79,113:121	1
ref	119190	120085	2043_2026	0,895	0.4147	0.3588	85:76,115:124	1
ref	119369	119370	2027_2030	1,1	1.8309e-02	1.5851e-02	77:100,38:24	2
ref	119544	119545	2030_2033	1,1	0.874	0.8531	23:26,92:98	2
ref	119607	119608	2033_2036	1,1	0.574	0.4737	110:116,5:8	2
ref	119851	119852	2036_2039	1,1	6.6963e-07	4.7868e-07	44:13,71:111	2
ref	119997	119998	2039_2042	1,1	7.6498e-02	5.4352e-02	103:119,12:5	2
ref	118965	118966	2026_2023	1,1	0.8156	0.7264	153:150,47:50	1
ref	118759	118759	2023_2012	0,657	1.6439e-02	1.2419e-02	116:140,84:60	1
ref	118759	118759	2022_2019	1,1	1	0.9471	20:14,64:46	2
ref	118759	118759	2019_2016	1,1	1.9253e-02	1.2074e-02	63:33,21:27	2
ref	118759	118759	2016_2013	1,1	0.3071	0.2981	69:45,15:15	2
ref	118569	118570	2012_2009	1,1	1	0.9152	135:134,65:66	1
ref	118516	118516	2009_2007	0,276	0.2215	0.1788	37:48,163:152	1
ref	118340	118341	2007_2004	1,1	1	0.9203	95:96,105:104	1
ref	118197	118197	2004_2002	0,263	0.5573	0.4331	184:188,16:12	1
ref	117599	118065	2002_1991	0,466	1	1	20:20,180:180	1
ref	118008	118009	2001_1998	1,1	0.1663	0.1338	133:120,47:60	2
ref	117837	117838	1998_1995	1,1	0.8992	0.7998	141:139,39:41	2
ref	117738	117739	1995_1992	1,1	0.3706	0.3061	137:145,43:35	2
ref	117540	117541	1991_1988	1,1	0.2439	0.2037	61:73,139:127	1
ref	117304	117305	1988_1985	1,1	0.3909	0.3167	168:175,32:25	1
ref	117178	117179	1985_1982	1,1	0.4469	0.3747	165:158,35:42	1
ref	117045	117045	1979_1965	0,836	0.9093	0.8197	147:149,53:51	1
ref	117045	117045	1978_1975	1,1	0.1969	0.1631	50:44,3:7	2
ref	117045	117045	1975_1972	1,1	0.1142	8.9370e-02	36:42,17:9	2
ref	117045	117045	1972_1969	1,1	0.4742	0.3903	13:9,40:42	2
ref	117045	117045	1969_1966	1,1	1	0.896	37:35,16:16	2
ref	116849	116850	1965_1962	1,1	0.1507	0.1237	115:130,85:70	1
ref	116790	116791	1962_1959	1,1	0.916	0.8328	133:131,67:69	1
ref	116583	116584	1959_1956	1,1	1	0.736	4:5,196:195	1
ref	116394	116395	1956_1953	1,1	0.8888	0.7794	171:169,29:31	1
ref	116132	116133	1953_1950	1,1	0.6189	0.5339	43:38,157:162	1
ref	115982	115983	1950_1947	1,1	0.5349	0.4375	174:179,26:21	1
ref	115872	115873	1947_1944	1,1	0.3593	0.3084	86:76,114:124	1
ref	115781	115782	1944_1941	1,1	0.2632	0.2011	182:174,18:26	1
ref	115640	115641	1941_1938	1,1	0.8337	0.7528	68:71,132:129	1
ref	115511	115512	1938_1935	1,1	0.6735	0.5983	129:134,71:66	1
ref	115368	115368	1935_1924	0,898	1	0.9071	151:152,49:48	1
ref	115368	115368	1934_1931	1,1	0.5406	0.4648	26:29,23:19	2
ref	115368	115368	1931_1928	1,1	0.2886	0.2524	35:29,14:19	2
ref	115368	115368	1928_1925	1,1	0.8342	0.7736	17:18,32:30	2
ref	115085	115086	1924_1921	1,1	0.7508	0.5218	194:196,6:4	1
ref	114798	114799	1921_1918	1,1	0.3404	0.2894	128:138,72:62	1
ref	114132	114655	1918_1910	0,523	4.7703e-02	3.4427e-02	178:163,22:37	1
ref	114500	114501	1917_1914	1,1	0.3513	0.2723	19:35,3:2	2
ref	114383	114384	1914_1911	1,1	0.7847	0.6029	8:16,14:21	2
ref	114018	114018	1910_1908	0,84	1	0.9027	42:43,158:157	1
ref	113964	113965	1908_1905	1,1	0.5612	0.4855	148:154,52:46	1
ref	113677	113678	1905_1902	1,1	0.709	0.5748	183:186,17:14	1
ref	113556	113557	1902_1899	1,1	0.425	0.3618	56:48,144:152	1
ref	113303	113304	1899_1896	1,1	1	1	185:185,15:15	1
ref	113121	113122	1896_1893	1,1	1	0.9201	107:108,93:92	1
ref	112602	112888	1893_1891	0,286	2.7940e-10	4.9720e-10	11:58,189:142	1
ref	112478	112478	1891_1880	0,673	0.5905	0.5184	134:140,66:60	1
ref	112478	112478	1890_1887	1,1	4.9668e-02	3.5073e-02	14:23,52:37	2
ref	112478	112478	1887_1884	1,1	1	0.9111	59:54,7:6	2
ref	112478	112478	1884_1881	1,1	0.4044	0.3442	57:55,9:5	2
ref	112312	112313	1880_1877	1,1	0.3539	0.303	129:119,71:81	1
ref	112137	112138	1877_1874	1,1	0.2379	0.1844	178:169,22:31	1
ref	112036	112036	1874_1872	0,137	0.827	0.6609	188:190,12:10	1
ref	111897	111898	1872_1869	1,1	0.1222	9.6238e-02	147:161,53:39	1
ref	111689	111690	1869_1866	1,1	0.1831	0.1288	11:19,189:181	1
ref	111348	111588	1866_1864	0,240	0.6447	0.5383	22:26,178:174	1
ref	111214	111215	1864_1861	1,1	0.2431	0.1824	176:184,24:16	1
ref	110947	110948	1861_1858	1,1	0.2721	0.2167	36:27,164:173	1
ref	110733	110734	1858_1855	1,1	0.1159	8.8912e-02	29:42,171:158	1
ref	110431	110431	1852_1850	0,110	1	0.9176	126:125,74:75	1
ref	110220	110221	1850_1847	1,1	0.9203	0.8414	95:97,105:103	1
ref	109855	110126	1847_1845	0,271	0.2039	0.1659	144:156,56:44	1
ref	109502	109503	1842_1839	1,1	0.6881	0.6158	94:89,106:111	1
ref	109390	109391	1839_1836	1,1	0.4555	0.3838	163:156,37:44	1
ref	109143	109143	1836_1831	0,407	0.6171	0.5485	98:104,102:96	1
ref	108944	108944	1831_1808	0,1291	3.4204e-28	2.7831e-27	148:40,52:160	1
ref	108944	108944	1830_1827	1,1	3.8348e-08	1.6772e-08	17:121,35:39	2
ref	108944	108944	1827_1824	1,1	1	0.9009	19:60,33:100	2
ref	108944	108944	1824_1821	1,1	0.2637	0.2016	22:84,30:76	2
ref	108944	108944	1821_1818	1,1	9.0448e-02	6.1416e-02	46:153,6:7	2
ref	108944	108944	1818_1815	1,1	0.2645	0.2343	24:89,28:71	2
ref	108944	108944	1815_1812	1,1	1	0.7121	48:145,4:15	2
ref	108944	108944	1812_1809	1,1	6.7243e-02	4.5726e-02	37:134,15:26	2
ref	108779	108780	1808_1805	1,1	0.845	0.6951	13:15,187:185	1
ref	108679	108680	1805_1802	1,1	0.6891	0.617	105:100,95:100	1
ref	108492	108609	1802_1800	0,117	1	0.8863	171:172,29:28	1
ref	108369	108370	1800_1797	1,1	3.6580e-24	1.8306e-23	70:168,130:32	1
ref	108290	108290	1797_1792	0,339	0.622	0.5376	156:161,44:39	1
ref	108290	108290	1796_1793	1,1	8.2562e-03	7.0580e-03	32:17,12:22	2
ref	108126	108127	1792_1789	1,1	0.3273	0.2397	183:189,17:11	1
ref	107828	107829	1789_1786	1,1	0.2615	0.2207	114:126,86:74	1
ref	107706	107707	1786_1783	1,1	0.4673	0.4061	131:123,69:77	1
ref	107478	107479	1783_1780	1,1	0.1542	0.1269	74:89,126:111	1
ref	107412	107413	1780_1777	1,1	0.1932	0.1612	89:103,111:97	1
ref	107251	107320	1777_1775	0,69	3.7313e-18	0	133:47,67:153	1
ref	107108	107109	1775_1772	1,1	0.2924	0.1882	5:10,195:190	1
ref	107040	107041	1772_1769	1,1	1	1	163:163,37:37	1
ref	106933	106934	1769_1766	1,1	0.1875	0.1434	178:168,22:32	1
ref	106279	106691	1766_1758	0,412	1.9597e-16	6.6613e-16	112:183,88:17	1
ref	106524	106525	1765_1762	1,1	0.6956	0.5676	77:14,11:3	2
ref	106455	106456	1762_1759	1,1	0.4584	0.3236	13:1,75:16	2
ref	106042	106043	1758_1755	1,1	0.4647	0.38	170:176,30:24	1
ref	105859	105860	1755_1752	1,1	1	0.736	5:4,195:196	1
ref	105680	105681	1752_1749	1,1	9.0295e-03	6.4343e-03	52:30,148:170	1
ref	105391	105392	1749_1746	1,1	0.6747	0.5754	28:32,172:168	1
ref	105099	105100	1746_1743	1,1	0.5327	0.4666	131:124,69:76	1
ref	104810	104811	1743_1740	1,1	1	1	6:6,194:194	1
ref	104668	104669	1740_1737	1,1	1	0.8661	181:180,19:20	1
ref	104564	104565	1737_1734	1,1	0.9186	0.8379	80:78,120:122	1
ref	104454	104454	1734_1732	0,258	0.2828	0.2374	69:58,131:142	1
ref	104195	104196	1732_1729	1,1	0.6822	0.6087	119:124,81:76	1
ref	104022	104023	1729_1726	1,1	0.2692	0.2243	63:52,137:148	1
ref	103873	103874	1726_1723	1,1	2.2599e-02	1.5564e-02	167:183,33:17	1
ref	103772	103773	1723_1720	1,1	0.8192	0.6464	191:189,9:11	1
ref	103180	103181	1709_1706	1,1	0.2098	0.1713	142:154,58:46	1
ref	103100	103101	1706_1703	1,1	0.7398	0.6577	141:145,59:55	1
ref	103022	103023	1703_1700	1,1	4.7862e-05	3.7679e-05	192:167,8:33	1
ref	102755	102756	1700_1697	1,1	0.6321	0.5227	176:180,24:20	1
ref	102684	102685	1697_1694	1,1	0.9195	0.8397	114:116,86:84	1
ref	102406	102407	1694_1691	1,1	0.298	0.2343	22:30,178:170	1
ref	102280	102281	1691_1688	1,1	9.6392e-02	7.6360e-02	65:49,135:151	1
ref	102137	102138	1688_1685	1,1	1.2294e-11	1.0556e-11	91:157,109:43	1
ref	101917	101918	1685_1682	1,1	0.4841	0.4141	52:45,148:155	1
ref	101137	101823	1682_1668	0,686	0.9168	0.8345	72:70,128:130	1
ref	101638	101639	1681_1678	1,1	0.6914	0.6564	40:44,88:86	2
ref	101428	101429	1675_1672	1,1	0.8965	0.8241	82:85,46:45	2
ref	101343	101344	1672_1669	1,1	7.2476e-02	6.0779e-02	43:30,85:100	2
ref	101051	101052	1668_1665	1,1	0.3675	0.3167	100:110,100:90	1
ref	100730	100858	1665_1663	0,128	0.4777	0.4074	43:50,157:150	1
ref	100519	100520	1663_1660	1,1	0.8168	0.7282	152:149,48:51	1
ref	100462	100463	1660_1657	1,1	0.6735	0.5983	71:66,129:134	1
ref	100105	100330	1657_1652	0,225	0.8338	0.6737	13:11,187:189	1
ref	100230	100231	1656_1653	1,1	1.0628e-02	8.5053e-03	163:145,24:44	2
ref	99762	100049	1652_1650	0,287	4.8285e-02	3.7788e-02	63:83,137:117	1
ref	99603	99604	1650_1647	1,1	0.599	0.528	72:66,128:134	1
ref	99328	99329	1647_1644	1,1	0.3603	0.2857	28:21,172:179	1
ref	98884	99106	1644_1639	0,222	0.76	0.6837	83:79,117:121	1
ref	99029	99030	1643_1640	1,1	0.1489	0.1375	98:92,19:29	2
ref	98651	98652	1639_1636	1,1	1	0.6527	2:3,198:197	1
ref	98551	98552	1636_1633	1,1	0.6803	0.5355	14:11,186:189	1
ref	98381	98382	1633_1630	1,1	2.1967e-03	1.5219e-03	51:26,149:174	1
ref	98154	98155	1630_1627	1,1	0.7718	0.6631	29:26,171:174	1
ref	97877	97877	1627_1607	0,1107	0.1464	0.1198	119:134,81:66	1
ref	97877	97877	1626_1623	1,1	0.5069	0.4659	43:39,38:27	2
ref	97877	97877	1623_1620	1,1	0.1131	9.8302e-02	78:59,3:7	2
ref	97877	97877	1620_1617	1,1	1	1	27:22,54:44	2
ref	97877	97877	1617_1614	1,1	8.6208e-02	7.1216e-02	35:19,46:47	2
ref	97877	97877	1614_1611	1,1	0.8399	0.8272	65:52,16:14	2
ref	97877	97877	1611_1608	1,1	0.1758	0.1288	44:44,37:22	2
ref	97754	97755	1607_1604	1,1	0.5484	0.4838	94:101,106:99	1
ref	97572	97572	1604_1584	0,1720	0.6603	0.5826	144:139,56:61	1
ref	97572	97572	1603_1600	1,1	1	0.8666	51:55,5:6	2
ref	97572	97572	1600_1597	1,1	0.8487	0.7194	34:39,22:22	2
ref	97572	97572	1597_1594	1,1	1	0.719	54:58,2:3	2
ref	97572	97572	1594_1591	1,1	0.7116	0.6233	31:31,25:30	2
ref	97572	97572	1591_1588	1,1	1	0.8651	33:35,23:26	2
ref	97572	97572	1588_1585	1,1	0.2092	0.1163	55:56,1:5	2
ref	95582	97347	1584_1558	0,1765	0.6886	0.6163	104:109,96:91	1
ref	96998	96999	1580_1577	1,1	0.5575	0.5405	39:41,57:50	2
ref	96894	96895	1577_1574	1,1	5.2068e-02	4.8294e-02	81:66,15:25	2
ref	96661	96662	1574_1571	1,1	2.2091e-02	1.6214e-02	90:75,6:16	2
ref	96453	96454	1571_1568	1,1	0.1927	0.145	11:5,85:86	2
ref	96219	96220	1568_1565	1,1	0.3253	0.3002	18:12,78:79	2
ref	95954	95955	1565_1562	1,1	0.3023	0.2497	50:55,46:36	2
ref	95778	95779	1562_1559	1,1	0.3375	0.259	14:19,82:72	2
ref	95390	95391	1558_1555	1,1	0.4584	0.3967	129:137,71:63	1
ref	95326	95327	1555_1552	1,1	0.2322	0.1925	133:145,67:55	1
ref	94987	95171	1552_1550	0,184	0.7384	0.656	54:58,146:142	1
ref	94699	94700	1550_1547	1,1	0.4686	0.4074	78:70,122:130	1
ref	94460	94460	1547_1545	0,65	0.1075	8.7368e-02	119:102,81:98	1
ref	94311	94311	1545_1534	0,621	0.6432	0.5624	153:148,47:52	1
ref	94311	94311	1544_1541	1,1	1	0.9699	39:43,8:9	2
ref	94311	94311	1541_1538	1,1	1	0.9424	46:51,1:1	2
ref	94311	94311	1538_1535	1,1	0.8123	0.6613	37:39,10:13	2
ref	94167	94168	1534_1531	1,1	0.4411	0.335	188:183,12:17	1
ref	93958	93959	1531_1528	1,1	0.6136	0.5445	111:117,89:83	1
ref	91929	93714	1528_1499	0,1785	0.6899	0.5944	32:36,168:164	1
ref	93500	93501	1527_1524	1,1	1.0182e-14	1.8097e-14	60:127,108:37	2
ref	93322	93323	1524_1521	1,1	8.6272e-02	5.2814e-02	158:161,10:3	2
ref	93188	93189	1521_1518	1,1	0.3693	0.3429	98:104,70:60	2
ref	93069	93070	1518_1515	1,1	1.2842e-02	1.0996e-02	93:113,75:51	2
ref	92878	92879	1515_1512	1,1	0.1569	0.132	149:136,19:28	2
ref	92720	92721	1512_1509	1,1	3.8991e-03	3.0565e-03	59:84,109:80	2
ref	92425	92426	1509_1506	1,1	0.5718	0.5337	102:105,66:59	2
ref	92184	92185	1506_1503	1,1	4.0968e-03	3.1155e-03	63:88,105:76	2
ref	92054	92055	1503_1500	1,1	0.1657	0.1444	104:114,64:50	2
ref	91742	91743	1499_1496	1,1	3.5417e-02	2.6654e-02	39:58,161:142	1
ref	90473	91603	1496_1482	0,1130	0.3455	0.2945	75:65,125:135	1
ref	91408	91409	1495_1492	1,1	0.4246	0.4125	42:39,83:96	2
ref	91153	91154	1492_1489	1,1	0.4158	0.3874	19:26,106:109	2
ref	90899	90900	1489_1486	1,1	1.4356e-07	1.0327e-07	82:44,43:91	2
ref	90650	90651	1486_1483	1,1	0.7998	0.7207	118:126,7:9	2
ref	90405	90406	1482_1479	1,1	0.8648	0.7331	20:18,180:182	1
ref	90264	90265	1479_1476	1,1	0.2271	0.1479	194:188,6:12	1
ref	89840	89968	1476_1474	0,128	1	0.7598	6:5,194:195	1
ref	89661	89662	1474_1471	1,1	0.8192	0.6464	9:11,191:189	1
ref	89421	89422	1471_1468	1,1	0.1349	8.2737e-02	5:12,195:188	1
ref	89256	89256	1468_1463	0,130	0.1034	8.3655e-02	127:110,73:90	1
ref	89256	89256	1467_1464	1,1	0.8551	0.7379	56:67,17:23	2
ref	89204	89204	1463_1461	0,171	0.7642	0.6892	98:102,102:98	1
ref	89058	89058	1461_1459	0,258	0.7868	0.5864	192:194,8:6	1
ref	88547	88904	1459_1454	0,357	0.4451	0.3074	194:190,6:10	1
ref	88616	88617	1458_1455	1,1	3.5714e-02	1.7911e-02	4:1,2:9	2
ref	88251	88251	1454_1428	0,1729	0.4795	0.3763	20:15,180:185	1
ref	88251	88251	1453_1450	1,1	3.1260e-02	2.9657e-02	25:42,155:143	2
ref	88251	88251	1450_1447	1,1	1	0.9573	127:131,53:54	2
ref	88251	88251	1447_1444	1,1	3.6553e-02	3.1248e-02	165:156,15:29	2
ref	88251	88251	1444_1441	1,1	0.2941	0.2884	149:145,31:40	2
ref	88251	88251	1441_1438	1,1	0.2142	0.2055	134:148,46:37	2
ref	88251	88251	1438_1435	1,1	0.4089	0.3344	170:170,10:15	2
ref	88251	88251	1435_1432	1,1	0.6213	0.4918	173:175,7:10	2
ref	88251	88251	1432_1429	1,1	9.0056e-02	7.3888e-02	68:87,112:98	2
ref	88059	88060	1428_1425	1,1	0.8313	0.7493	133:136,67:64	1
ref	87890	87890	1425_1423	0,140	1	0.7598	194:195,6:5	1
ref	87664	87665	1423_1420	1,1	2.2506e-07	2.1873e-07	187:149,13:51	1
ref	87531	87532	1420_1417	1,1	0.6879	0.6155	107:112,93:88	1
ref	87428	87429	1417_1414	1,1	0.4147	0.3588	85:76,115:124	1
ref	87129	87130	1414_1411	1,1	0.2201	0.1263	3:8,197:192	1
ref	86982	86983	1411_1408	1,1	1	0.9095	52:53,148:147	1
ref	86772	86772	1408_1406	0,76	0.8856	0.7732	173:171,27:29	1
ref	86594	86595	1406_1403	1,1	0.4173	0.3615	79:88,121:112	1
ref	86343	86344	1403_1400	1,1	0.4678	0.3635	19:14,181:186	1
ref	86237	86238	1400_1397	1,1	1.8496e-03	1.3372e-03	91:123,109:77	1
ref	86093	86094	1397_1394	1,1	0.5008	0.419	164:170,36:30	1
ref	85897	85898	1394_1391	1,1	0.1198	9.5739e-02	49:64,151:136	1
ref	85840	85841	1391_1388	1,1	0.918	0.8368	125:123,75:77	1
ref	85175	85702	1388_1383	0,527	0.3172	0.2712	92:103,108:97	1
ref	85449	85450	1384_1387	1,1	4.6126e-02	3.9790e-02	36:46,72:51	2
ref	84912	84913	1383_1380	1,1	0.7868	0.5864	6:8,194:192	1
ref	84844	84845	1380_1377	1,1	0.7516	0.6729	66:70,134:130	1
ref	84672	84672	1377_1375	0,183	0.1027	8.3047e-02	111:128,89:72	1
ref	84544	84545	1375_1372	1,1	0.7508	0.5218	6:4,194:196	1
ref	84302	84303	1372_1369	1,1	0.7959	0.6978	35:38,165:162	1
ref	83800	84081	1369_1364	0,281	0.8385	0.7597	82:79,118:121	1
ref	83958	83959	1368_1365	1,1	0.4368	0.4093	56:51,62:70	2
ref	83615	83616	1364_1361	1,1	0.6447	0.5383	26:22,174:178	1
ref	83470	83471	1358_1355	1,1	0.368	0.3172	97:107,103:93	1
ref	83168	83325	1355_1353	0,157	9.3689e-02	7.1429e-02	156:170,44:30	1
ref	83104	83105	1353_1350	1,1	5.6790e-16	7.7716e-16	86:164,114:36	1
ref	82863	82864	1350_1347	1,1	0.2008	0.1258	5:11,195:189	1
ref	82640	82641	1347_1344	1,1	1	0.9198	111:112,89:88	1
ref	81845	82465	1344_1333	0,620	0.3146	0.2687	95:84,105:116	1
ref	82318	82319	1343_1340	1,1	0.2349	0.1906	79:78,26:38	2
ref	82172	82173	1340_1337	1,1	9.1430e-02	6.9158e-02	61:81,44:35	2
ref	81959	81960	1337_1334	1,1	0.5237	0.4183	99:112,6:4	2
ref	81605	81606	1333_1330	1,1	4.9157e-18	0	105:25,95:175	1
ref	81518	81519	1330_1327	1,1	0.6496	0.5699	50:55,150:145	1
ref	81313	81314	1327_1324	1,1	0.3685	0.294	29:22,171:178	1
ref	81248	81249	1324_1321	1,1	0.5115	0.3803	9:13,191:187	1
ref	80859	81051	1321_1316	0,192	0.23	0.1904	66:54,134:146	1
ref	80957	80958	1320_1317	1,1	0.821	0.6661	123:136,11:10	2
ref	79612	80740	1316_1296	0,1128	0.6899	0.5944	32:36,168:164	1
ref	80474	80475	1315_1312	1,1	3.9304e-10	4.2796e-10	75:128,93:36	2
ref	80419	80420	1312_1309	1,1	0.913	0.9073	82:79,86:85	2
ref	80154	80155	1306_1303	1,1	0.4896	0.4238	138:129,30:35	2
ref	80047	80048	1303_1300	1,1	0.5956	0.5537	162:156,6:8	2
ref	79814	79815	1300_1297	1,1	0.372	0.3482	96:102,72:62	2
ref	79431	79432	1296_1293	1,1	0.7628	0.6874	87:91,113:109	1
ref	79332	79332	1293_1291	0,242	0.2174	0.175	164:153,36:47	1
ref	79214	79215	1291_1288	1,1	0.5484	0.4838	101:94,99:106	1
ref	78921	78922	1288_1285	1,1	1	1	79:79,121:121	1
ref	78799	78800	1285_1282	1,1	0.8679	0.7389	19:21,181:179	1
ref	78466	78661	1282_1280	0,195	0.3054	0.2489	42:33,158:167	1
ref	78101	78172	1280_1278	0,71	0.4358	0.373	52:60,148:140	1
ref	77802	77803	1275_1272	1,1	0.2559	0.2152	69:81,131:119	1
ref	77641	77642	1272_1269	1,1	0.8252	0.7403	59:56,141:144	1
ref	77346	77347	1269_1266	1,1	0.1489	0.1181	38:51,162:149	1
ref	77218	77219	1266_1263	1,1	1	0.8042	8:9,192:191	1
ref	77042	77043	1263_1260	1,1	0.3375	0.2002	7:3,193:197	1
ref	76880	76881	1260_1257	1,1	1.7582e-07	1.2292e-07	101:152,99:48	1
ref	76635	76636	1257_1254	1,1	1.6951e-12	4.0389e-12	131:187,69:13	1
ref	76406	76407	1254_1251	1,1	0.8415	0.7641	104:101,96:99	1
ref	76133	76134	1251_1248	1,1	1	0.9043	156:155,44:45	1
ref	76001	76002	1248_1245	1,1	0.4808	0.4203	116:108,84:92	1
ref	75870	75870	1245_1234	0,445	0.123	7.9338e-02	193:185,7:15	1
ref	75870	75870	1244_1241	1,1	0.6517	0.452	4:6,3:9	2
ref	75870	75870	1241_1238	1,1	1	0.9256	5:11,2:4	2
ref	75870	75870	1238_1235	1,1	1	0.655	2:3,5:12	2
ref	75576	75577	1234_1231	1,1	0.5978	0.5265	65:71,135:129	1
ref	75430	75431	1231_1228	1,1	0.6141	0.5451	116:110,84:90	1
ref	75178	75179	1228_1225	1,1	5.4935e-02	4.2941e-02	125:144,75:56	1
ref	75036	75036	1225_1223	0,187	0.7718	0.6631	174:171,26:29	1
ref	74886	74887	1223_1220	1,1	7.7273e-17	1.1102e-16	136:53,64:147	1
ref	74614	74615	1220_1217	1,1	0.7196	0.632	47:43,153:157	1
ref	74386	74387	1217_1214	1,1	0.2138	0.1623	19:28,181:172	1
ref	74182	74183	1214_1211	1,1	2.3624e-02	1.7690e-02	43:64,157:136	1
ref	74077	74078	1211_1208	1,1	0.595	0.5235	69:63,131:137	1
ref	73905	73906	1208_1205	1,1	0.6879	0.6155	88:93,112:107	1
ref	73618	73619	1205_1202	1,1	1	0.9051	154:155,46:45	1
ref	73506	73507	1202_1199	1,1	0.7508	0.5218	194:196,6:4	1
ref	73385	73386	1199_1196	1,1	1	1	30:30,170:170	1
ref	73151	73151	1196_1191	0,596	0.1534	0.1262	127:112,73:88	1
ref	73151	73151	1195_1192	1,1	1	0.9909	63:76,10:12	2
ref	73008	73073	1191_1189	0,65	0.636	0.554	44:49,156:151	1
ref	72080	72767	1189_1178	0,687	1.8244e-12	1.5535e-12	79:149,121:51	1
ref	72495	72496	1188_1185	1,1	0.3995	0.3212	66:32,55:19	2
ref	72379	72380	1185_1182	1,1	0.4416	0.3857	93:36,28:15	2
ref	72288	72289	1182_1179	1,1	0.7328	0.7238	44:20,77:31	2
ref	71783	71783	1178_1173	0,272	1	1	31:31,169:169	1
ref	71783	71783	1177_1174	1,1	0.2987	0.235	138:146,31:23	2
ref	71690	71690	1173_1159	0,1013	1	0.9183	123:122,77:78	1
ref	71690	71690	1172_1169	1,1	0.4107	0.3215	12:17,65:61	2
ref	71690	71690	1169_1166	1,1	0.6194	0.5473	27:31,50:47	2
ref	71690	71690	1166_1163	1,1	0.7163	0.6785	56:59,21:19	2
ref	71690	71690	1163_1160	1,1	0.5337	0.4997	71:74,6:4	2
ref	71590	71591	1159_1156	1,1	0.7274	0.6419	47:51,153:149	1
ref	71303	71304	1156_1153	1,1	0.386	0.3218	45:37,155:163	1
ref	71141	71142	1153_1150	1,1	1	0.9027	157:158,43:42	1
ref	70586	70587	1147_1144	1,1	0.7341	0.6504	51:55,149:145	1
ref	70258	70372	1144_1142	0,114	0.7364	0.6131	18:21,182:179	1
ref	70129	70130	1142_1139	1,1	1	0.778	194:193,6:7	1
ref	69977	69978	1139_1136	1,1	0.6171	0.5484	95:101,105:99	1
ref	69893	69893	1136_1134	0,144	0.6505	0.5453	173:177,27:23	1
ref	69689	69689	1134_1126	0,397	1.7975e-02	1.3659e-02	111:135,89:65	1
ref	69689	69689	1133_1130	1,1	0.5124	0.4212	51:33,38:32	2
ref	69689	69689	1130_1127	1,1	1	0.7819	84:62,5:3	2
ref	69632	69633	1126_1123	1,1	3.2691e-10	3.0347e-10	171:114,29:86	1
ref	69234	69466	1123_1121	0,232	0.3217	0.2152	6:11,194:189	1
ref	68939	69017	1121_1119	0,78	0.3079	0.2621	125:114,75:86	1
ref	68333	68643	1119_1114	0,310	0.3627	0.3118	120:110,80:90	1
ref	68553	68554	1118_1115	1,1	1	0.9081	26:30,54:60	2
ref	68089	68090	1114_1111	1,1	0.475	0.4142	84:76,116:124	1
ref	67841	67842	1111_1108	1,1	4.8527e-02	3.4294e-02	168:182,32:18	1
ref	67671	67672	1108_1105	1,1	0.4826	0.4222	88:96,112:104	1
ref	67557	67558	1105_1102	1,1	0.5138	0.4461	64:57,136:143	1
ref	67386	67386	1102_1094	0,538	0.5288	0.4623	134:127,66:73	1
ref	67386	67386	1101_1098	1,1	0.8491	0.7154	19:19,47:54	2
ref	67386	67386	1098_1095	1,1	0.1275	8.0642e-02	54:67,12:6	2
ref	67119	67119	1094_1089	0,299	7.1251e-13	6.0052e-13	137:65,63:135	1
ref	67119	67119	1093_1090	1,1	0.4203	0.3774	50:114,13:21	2
ref	66968	66969	1089_1086	1,1	0.2271	0.1479	194:188,6:12	1
ref	66623	66712	1083_1081	0,89	0.8326	0.7511	69:66,131:134	1
ref	66549	66550	1081_1078	1,1	0.2296	0.1931	89:102,111:98	1
ref	66461	66462	1078_1075	1,1	1	1	96:96,104:104	1
ref	66171	66171	1075_1073	0,236	0.5872	0.5147	142:136,58:64	1
ref	66016	66017	1073_1070	1,1	9.0197e-02	6.8451e-02	43:29,157:171	1
ref	65958	65959	1070_1067	1,1	0.6106	0.5411	122:116,78:84	1
ref	65121	65818	1067_1059	0,697	0.8976	0.7968	38:36,162:164	1
ref	65601	65602	1066_1063	1,1	0.7319	0.6679	63:60,99:104	2
ref	64960	64960	1059_1057	0,89	0.4216	0.3659	114:105,86:95	1
ref	64168	64706	1057_1052	0,538	9.3787e-17	1.2212e-15	72:8,128:192	1
ref	64463	64464	1056_1053	1,1	8.7876e-02	8.2621e-02	74:92,54:100	2
ref	64024	64025	1052_1049	1,1	0.617	0.5483	100:94,100:106	1
ref	63816	63817	1049_1046	1,1	0.484	0.4237	95:103,105:97	1
ref	63596	63596	1046_1038	0,635	5.9511e-02	4.0729e-02	175:187,25:13	1
ref	63596	63596	1045_1042	1,1	0.4573	0.3511	6:5,19:8	2
ref	63596	63596	1042_1039	1,1	1	0.9734	2:1,23:12	2
ref	63353	63353	1038_1027	0,972	0.2672	0.2262	81:93,119:107	1
ref	63353	63353	1037_1034	1,1	0.4077	0.3787	79:65,40:42	2
ref	63353	63353	1034_1031	1,1	0.31	0.269	87:71,32:36	2
ref	63353	63353	1031_1028	1,1	0.256	0.2424	42:30,77:77	2
ref	63094	63095	1027_1024	1,1	0.5199	0.4398	40:34,160:166	1
ref	62876	62877	1024_1021	1,1	0.2721	0.2167	27:36,173:164	1
ref	62726	62727	1021_1018	1,1	0.8366	0.757	126:123,74:77	1
ref	61893	62457	1018_1007	0,564	0.5408	0.4754	77:84,123:116	1
ref	62238	62239	1017_1014	1,1	0.2562	0.1875	114:112,9:4	2
ref	62000	62001	1011_1008	1,1	0.53	0.4587	4:6,119:110	2
ref	61632	61633	1007_1004	1,1	0.8616	0.7268	19:17,181:183	1
ref	61469	61470	1004_1001	1,1	1	1	25:25,175:175	1
ref	61145	61224	1001_999	0,79	0.5818	0.5085	61:55,139:145	1
ref	60945	60945	999_985	0,671	0.4808	0.4203	84:92,116:108	1
ref	60945	60945	998_995	1,1	3.7020e-02	2.8281e-02	76:85,40:23	2
ref	60945	60945	995_992	1,1	0.2692	0.2139	68:72,48:36	2
ref	60945	60945	992_989	1,1	0.4341	0.4216	103:92,13:16	2
ref	60945	60945	989_986	1,1	0.339	0.2768	93:80,23:28	2
ref	60775	60776	985_982	1,1	3.9274e-03	2.6954e-03	157:179,43:21	1
ref	60602	60603	982_979	1,1	0.5349	0.4375	21:26,179:174	1
ref	60427	60428	979_976	1,1	0.6175	0.505	22:18,178:182	1
ref	60282	60283	976_973	1,1	1	1	112:112,88:88	1
ref	59784	60076	973_971	0,292	0.4093	0.3533	129:120,71:80	1
ref	59604	59605	971_968	1,1	4.3088e-13	3.8247e-13	77:149,123:51	1
ref	59349	59350	968_965	1,1	0.5837	0.5106	138:144,62:56	1
ref	58762	58974	962_960	0,212	0.2512	0.2025	43:33,157:167	1
ref	58571	58572	960_957	1,1	0.3455	0.2945	135:125,65:75	1
ref	58412	58413	957_954	1,1	0.9203	0.8413	94:96,106:104	1
ref	58135	58136	954_951	1,1	0.8168	0.7282	152:149,48:51	1
ref	57897	57898	951_948	1,1	0.8292	0.7462	136:139,64:61	1
ref	57829	57830	948_945	1,1	0.4678	0.3635	181:186,19:14	1
ref	57537	57538	945_942	1,1	0.3573	0.3064	126:116,74:84	1
ref	57464	57465	942_939	1,1	0.3146	0.2687	95:84,105:116	1
ref	57061	57317	939_934	0,256	0.5101	0.4098	182:177,18:23	1
ref	57172	57173	935_938	1,1	1	0.9704	14:18,4:5	2
ref	56805	56806	934_931	1,1	0.2632	0.2011	18:26,182:174	1
ref	56739	56739	931_929	0,238	0.92	0.8408	92:90,108:110	1
ref	56474	56474	929_927	0,62	0.5675	0.4745	174:169,26:31	1
ref	56209	56210	927_924	1,1	1	0.8846	172:173,28:27	1
ref	56059	56060	924_921	1,1	0.9081	0.8174	49:51,151:149	1
ref	55907	55908	921_918	1,1	4.2968e-02	3.2871e-02	136:155,64:45	1
ref	55258	55660	918_913	0,402	0.2559	0.2152	131:119,69:81	1
ref	55411	55412	917_914	1,1	1	0.9862	12:14,57:67	2
ref	55136	55137	913_910	1,1	1	1	183:183,17:17	1
ref	54864	54865	910_907	1,1	0.2583	0.2176	83:71,117:129	1
ref	54688	54689	907_904	1,1	0.7959	0.6978	38:35,162:165	1
ref	54542	54542	904_890	0,1048	1	0.909	148:149,52:51	1
ref	54542	54542	903_900	1,1	0.6938	0.6277	30:27,22:24	2
ref	54542	54542	897_894	1,1	1	0.9036	31:31,21:20	2
ref	54542	54542	894_891	1,1	0.4375	0.3209	41:44,11:7	2
ref	53755	54336	890_885	0,581	0.5638	0.4884	53:47,147:153	1
ref	54036	54037	889_886	1,1	0.5508	0.4917	52:60,95:93	2
ref	53560	53561	885_882	1,1	0.5449	0.4799	83:90,117:110	1
ref	52025	53376	882_862	0,1351	0.7435	0.6625	58:62,142:138	1
ref	53212	53213	881_878	1,1	8.8893e-03	7.0806e-03	24:9,118:129	2
ref	52708	52709	875_872	1,1	0.5424	0.4945	88:80,54:58	2
ref	52524	52525	872_869	1,1	1	0.9633	137:133,5:5	2
ref	52433	52434	869_866	1,1	0.7697	0.5895	135:133,7:5	2
ref	52189	52190	866_863	1,1	0.6891	0.6783	105:99,37:39	2
ref	51755	51756	862_859	1,1	0.4731	0.4122	118:126,82:74	1
ref	51489	51490	859_856	1,1	0.5454	0.4805	109:116,91:84	1
ref	51285	51286	856_853	1,1	0.3943	0.3302	161:153,39:47	1
ref	51126	51127	853_850	1,1	0.8411	0.7635	109:106,91:94	1
ref	50991	50992	850_847	1,1	0.3861	0.3295	134:143,66:57	1
ref	50593	50795	847_845	0,202	0.3573	0.3064	84:74,116:126	1
ref	50385	50386	845_842	1,1	1	0.842	13:14,187:186	1
ref	50246	50247	842_839	1,1	6.4634e-02	5.0608e-02	52:70,148:130	1
ref	50140	50141	839_836	1,1	0.6688	0.5928	133:138,67:62	1
ref	49966	49967	836_833	1,1	1	0.8908	169:168,31:32	1
ref	49897	49898	833_830	1,1	0.3703	0.2821	180:186,20:14	1
ref	49790	49791	830_827	1,1	0.145	0.1019	179:188,21:12	1
ref	49676	49677	827_824	1,1	0.6888	0.6165	97:92,103:108	1
ref	49596	49597	824_821	1,1	0.9189	0.8386	118:120,82:80	1
ref	49351	49352	821_818	1,1	0.6881	0.6158	106:111,94:89	1
ref	49096	49097	818_815	1,1	0.7458	0.6654	64:60,136:140	1
ref	48836	48837	815_812	1,1	0.628	0.5445	46:41,154:159	1
ref	48559	48631	812_810	0,72	5.3360e-02	3.6032e-02	12:24,188:176	1
ref	48311	48312	810_807	1,1	0.2298	0.1933	110:97,90:103	1
ref	48129	48129	807_805	0,93	1	1	177:177,23:23	1
ref	47991	47992	805_802	1,1	4.9331e-02	3.7667e-02	41:59,159:141	1
ref	47738	47739	802_799	1,1	1	1	8:8,192:192	1
ref	47503	47504	799_796	1,1	0.617	0.5483	94:100,106:100	1
ref	47314	47315	796_793	1,1	9.8475e-21	2.4052e-20	72:163,128:37	1
ref	47126	47127	793_790	1,1	0.8929	0.7876	32:34,168:166	1
ref	46908	46908	790_773	0,1018	0.6119	0.5426	114:120,86:80	1
ref	46908	46908	789_786	1,1	0.7888	0.6761	79:72,7:8	2
ref	46908	46908	786_783	1,1	0.6255	0.6192	30:25,56:55	2
ref	46908	46908	783_780	1,1	0.4847	0.3798	77:68,9:12	2
ref	46908	46908	780_777	1,1	0.5987	0.5275	21:23,65:57	2
ref	46908	46908	777_774	1,1	0.8716	0.8623	29:28,57:52	2
ref	46814	46814	773_765	0,621	0.1497	0.121	50:64,150:136	1
ref	46814	46814	772_769	1,1	0.7212	0.6566	81:77,69:59	2
ref	46814	46814	769_766	1,1	1	0.9306	93:85,57:51	2
ref	46518	46519	765_762	1,1	0.709	0.5748	17:14,183:186	1
ref	46103	46374	762_760	0,271	0.2616	0.1905	19:12,181:188	1
ref	45935	45936	760_757	1,1	0.466	0.4047	68:76,132:124	1
ref	45773	45773	757_749	0,561	0.4928	0.4235	152:145,48:55	1
ref	45773	45773	756_753	1,1	0.3135	0.243	22:19,26:36	2
ref	45773	45773	753_750	1,1	7.3738e-03	5.4029e-03	24:42,24:13	2
ref	45679	45680	749_746	1,1	8.9740e-02	6.4838e-02	182:170,18:30	1
ref	45433	45434	746_743	1,1	0.8036	0.709	161:158,39:42	1
ref	45167	45256	743_741	0,89	1	0.703	4:3,196:197	1
ref	44915	44915	741_736	0,201	0.5359	0.4574	44:38,156:162	1
ref	44915	44915	740_737	1,1	0.7224	0.7188	50:55,106:107	2
ref	44709	44710	736_733	1,1	6.8615e-06	5.5157e-06	13:45,187:155	1
ref	44421	44422	733_730	1,1	0.7516	0.6729	134:130,66:70	1
ref	44301	44302	730_727	1,1	0.7782	0.6723	31:28,169:172	1
ref	42669	44076	727_707	0,1407	0.1634	0.1335	71:57,129:143	1
ref	43853	43854	726_723	1,1	0.883	0.7724	27:32,102:111	2
ref	43403	43404	720_717	1,1	0.9039	0.8934	66:72,63:71	2
ref	43263	43264	717_714	1,1	0.2828	0.2738	97:99,32:44	2
ref	43046	43047	714_711	1,1	0.5761	0.5281	99:105,30:38	2
ref	42955	42956	711_708	1,1	0.3483	0.2659	126:142,3:1	2
ref	42439	42440	707_704	1,1	0.8648	0.7331	180:182,20:18	1
ref	42379	42380	704_701	1,1	2.2381e-05	1.5925e-05	141:176,59:24	1
ref	42185	42186	701_698	1,1	0.7104	0.6203	157:161,43:39	1
ref	42065	42066	698_695	1,1	1	1	192:192,8:8	1
ref	41962	41963	695_692	1,1	1	0.9184	79:78,121:122	1
ref	40104	41682	692_669	0,1578	0.1148	8.0613e-02	23:13,177:187	1
ref	41403	41404	691_688	1,1	1.5019e-06	1.5775e-06	118:164,59:23	2
ref	41323	41324	688_685	1,1	0.1813	0.1729	28:40,149:147	2
ref	41059	41060	685_682	1,1	2.0654e-24	2.9578e-23	25:122,152:65	2
ref	40922	40923	682_679	1,1	0.7717	0.6238	172:180,5:7	2
ref	40778	40779	679_676	1,1	0.5305	0.5101	42:39,135:148	2
ref	40499	40500	676_673	1,1	0.5901	0.5286	106:118,71:69	2
ref	40223	40224	673_670	1,1	0.4569	0.4055	70:82,107:105	2
ref	39862	39863	669_666	1,1	1	0.5622	199:198,1:2	1
ref	39563	39564	666_663	1,1	1.1510e-02	8.5051e-03	71:47,129:153	1
ref	39391	39392	663_660	1,1	0.2465	0.2025	55:44,145:156	1
ref	39189	39190	660_657	1,1	0.484	0.4237	104:96,96:104	1
ref	39021	39022	657_654	1,1	1.1694e-05	8.2105e-06	71:32,129:168	1
ref	38742	38742	654_637	0,1017	0.754	0.676	127:131,73:69	1
ref	38742	38742	653_650	1,1	0.5897	0.5565	52:46,21:23	2
ref	38742	38742	650_647	1,1	0.1672	0.102	66:67,7:2	2
ref	38742	38742	647_644	1,1	0.4911	0.4386	43:45,30:24	2
ref	38742	38742	644_641	1,1	6.6539e-02	5.9941e-02	57:44,16:25	2
ref	38742	38742	641_638	1,1	5.6118e-02	4.2630e-02	4:11,69:58	2
ref	38454	38454	637_623	0,905	0.4923	0.3588	192:188,8:12	1
ref	38454	38454	636_633	1,1	0.3473	0.2918	3:2,5:10	2
ref	38454	38454	633_630	1,1	0.1611	0.111	4:2,4:10	2
ref	38454	38454	630_627	1,1	6.4777e-02	2.7670e-02	2:9,6:3	2
ref	38454	38454	627_624	1,1	0.3563	0.2508	4:9,4:3	2
ref	38268	38269	623_620	1,1	2.6955e-05	1.8717e-05	165:127,35:73	1
ref	38094	38094	620_588	0,1731	1.5411e-02	1.1472e-02	130:153,70:47	1
ref	38094	38094	619_616	1,1	1	0.8067	68:46,2:1	2
ref	38094	38094	616_613	1,1	0.3476	0.288	54:40,16:7	2
ref	38094	38094	613_610	1,1	1.3037e-04	9.6805e-05	28:36,42:11	2
ref	38094	38094	610_607	1,1	3.6312e-02	3.3034e-02	48:23,22:24	2
ref	38094	38094	607_604	1,1	0.4372	0.3654	46:27,24:20	2
ref	38094	38094	604_601	1,1	0.6997	0.5681	41:30,29:17	2
ref	38094	38094	601_598	1,1	7.5303e-03	5.8803e-03	60:30,10:17	2
ref	38094	38094	598_595	1,1	0.5041	0.4086	18:9,52:38	2
ref	38094	38094	595_592	1,1	0.1832	0.1581	57:33,13:14	2
ref	38094	38094	592_589	1,1	0.8507	0.7881	31:22,39:25	2
ref	37830	37831	588_585	1,1	0.1569	9.9874e-02	194:187,6:13	1
ref	37639	37640	585_582	1,1	1.4293e-26	9.7040e-26	139:35,61:165	1
ref	37550	37550	582_565	0,1184	0.9055	0.8122	155:153,45:47	1
ref	37550	37550	566_569	1,1	0.6572	0.5948	13:16,32:31	2
ref	37550	37550	569_572	1,1	0.5889	0.5183	36:40,9:7	2
ref	37550	37550	572_575	1,1	1	0.9339	14:15,31:32	2
ref	37550	37550	575_578	1,1	1	0.9561	42:44,3:3	2
ref	37550	37550	578_581	1,1	0.4452	0.3793	34:39,11:8	2
ref	37348	37349	565_562	1,1	1.2739e-13	1.2212e-13	154:81,46:119	1
ref	36752	37125	562_557	0,373	1	1	30:30,170:170	1
ref	36967	36968	561_558	1,1	1	0.9079	114:115,56:55	2
ref	36665	36666	557_554	1,1	1.5811e-02	1.0819e-02	34:17,166:183	1
ref	36400	36401	554_551	1,1	0.5872	0.5147	58:64,142:136	1
ref	36276	36277	551_548	1,1	3.0885e-17	0	52:136,148:64	1
ref	35877	35878	547_544	1,1	0.3004	0.227	178:185,22:15	2
ref	35694	35695	544_541	1,1	8.7043e-02	4.8406e-02	10:3,190:197	2
ref	35522	35523	541_538	1,1	1	0.5622	199:198,1:2	2
ref	35336	35337	538_535	1,1	0.1124	8.3778e-02	166:178,34:22	2
ref	35251	35252	535_532	1,1	0.5416	0.4763	122:115,78:85	2
ref	35177	35178	532_529	1,1	6.8947e-04	4.7390e-04	150:177,50:23	2
ref	34873	34874	528_525	1,1	2.2545e-17	1.1102e-16	111:184,89:16	1
ref	34656	34657	525_522	1,1	0.4759	0.4152	77:85,123:115	1
ref	34586	34587	522_519	1,1	2.7242e-02	2.1083e-02	81:104,119:96	1
ref	34358	34359	519_516	1,1	0.8648	0.7331	182:180,18:20	1
ref	34279	34279	516_514	0,149	1	0.8922	167:168,33:32	1
ref	34108	34199	514_512	0,91	0.7595	0.6831	82:78,118:122	1
ref	34042	34042	512_501	0,522	1.0968e-02	6.4018e-03	197:186,3:14	1
ref	34042	34042	511_508	1,1	1	0.8695	2:10,1:4	2
ref	34042	34042	508_505	1,1	0.5147	0.2102	2:4,1:10	2
ref	33783	33784	501_498	1,1	0.807	0.7139	159:156,41:44	1
ref	32943	33562	498_487	0,619	9.6732e-02	6.3023e-02	8:17,192:183	1
ref	33436	33437	497_494	1,1	1	0.9527	189:180,3:3	2
ref	33256	33257	494_491	1,1	5.3087e-02	4.5072e-02	145:121,47:62	2
ref	33095	33096	491_488	1,1	0.2098	0.1804	75:84,117:99	2
ref	32693	32693	487_464	0,1644	0.1698	0.1371	155:142,45:58	1
ref	32693	32693	486_483	1,1	0.649	0.5342	10:16,35:42	2
ref	32693	32693	483_480	1,1	0.292	0.2279	33:36,12:22	2
ref	32693	32693	480_477	1,1	0.728	0.512	42:52,3:6	2
ref	32693	32693	477_474	1,1	0.6766	0.5881	31:37,14:21	2
ref	32693	32693	474_471	1,1	0.3574	0.2766	38:53,7:5	2
ref	32693	32693	471_468	1,1	0.689	0.659	19:22,26:36	2
ref	32693	32693	468_465	1,1	7.5175e-03	4.6434e-03	11:3,34:55	2
ref	32441	32442	464_461	1,1	0.4709	0.4001	41:48,159:152	1
ref	31782	32164	461_456	0,382	6.7789e-02	4.5598e-02	11:22,189:178	1
ref	32045	32046	460_457	1,1	0.6754	0.6075	90:80,99:98	2
ref	30943	31496	456_448	0,553	0.5408	0.4754	84:77,116:123	1
ref	31240	31241	455_452	1,1	0.4669	0.3944	7:11,109:112	2
ref	31118	31119	452_449	1,1	0.8662	0.8343	95:102,21:21	2
ref	30810	30811	448_445	1,1	0.5189	0.4196	24:19,176:181	1
ref	30513	30514	445_442	1,1	1	0.703	3:4,197:196	1
ref	29982	30273	442_440	0,291	0.9127	0.8264	140:142,60:58	1
ref	29700	29700	440_438	0,89	0.3803	0.241	192:196,8:4	1
ref	29529	29530	438_435	1,1	0.4832	0.4229	110:102,90:98	1
ref	29345	29346	435_432	1,1	2.4954e-12	2.8900e-12	108:172,92:28	1
ref	29208	29209	432_429	1,1	0.3004	0.244	32:41,168:159	1
ref	29113	29114	429_426	1,1	0.2194	0.1726	37:27,163:173	1
ref	28649	29011	426_421	0,362	0.7547	0.6769	130:126,70:74	1
ref	28920	28921	425_422	1,1	0.4247	0.4012	13:18,57:56	2
ref	28568	28569	421_418	1,1	0.7628	0.6874	91:87,109:113	1
ref	28288	28288	418_413	0,340	0.4616	0.4001	73:65,127:135	1
ref	28288	28288	417_414	1,1	0.5792	0.5633	91:101,36:34	2
ref	28061	28062	413_410	1,1	1	0.9174	126:127,74:73	1
ref	27872	27873	410_407	1,1	0.616	0.5472	111:105,89:95	1
ref	27783	27784	407_404	1,1	1.0451e-02	7.8304e-03	66:92,134:108	1
ref	27551	27552	404_401	1,1	0.615	0.5461	86:92,114:108	1
ref	27486	27487	401_398	1,1	2.4459e-02	1.8361e-02	44:65,156:135	1
ref	27361	27362	398_395	1,1	0.4678	0.3635	186:181,14:19	1
ref	27112	27113	395_392	1,1	1	1	171:171,29:29	1
ref	27035	27036	392_389	1,1	0.7839	0.6805	30:33,170:167	1
ref	26742	26743	389_386	1,1	0.7325	0.6484	54:50,146:150	1
ref	26535	26536	386_383	1,1	0.2069	0.1686	155:143,45:57	1
ref	26266	26267	383_380	1,1	1	0.9051	45:46,155:154	1
ref	26098	26099	380_377	1,1	0.9136	0.8281	62:60,138:140	1
ref	25751	25822	377_375	0,71	0.9109	0.8228	144:146,56:54	1
ref	25600	25601	374_371	1,1	0.5436	0.5377	93:188,5:7	2
ref	25218	25219	370_367	1,1	0.4698	0.4087	79:71,121:129	1
ref	24927	24928	367_364	1,1	0.3329	0.2585	175:182,25:18	1
ref	24828	24829	364_361	1,1	0.3327	0.2818	68:58,132:142	1
ref	24681	24682	361_358	1,1	0.3611	0.3102	112:122,88:78	1
ref	24553	24554	358_355	1,1	0.5809	0.461	14:18,186:182	1
ref	24312	24313	355_352	1,1	0.752	0.635	176:179,24:21	1
ref	23515	23937	349_344	0,422	0.595	0.5235	69:63,131:137	1
ref	23651	23652	348_345	1,1	0.3233	0.2946	80:75,51:62	2
ref	23238	23239	344_341	1,1	0.1199	9.2410e-02	43:30,157:170	1
ref	23134	23134	341_339	0,253	0.1774	0.1166	193:186,7:14	1
ref	23075	23076	339_336	1,1	1	0.9197	87:88,113:112	1
ref	22613	22855	336_334	0,242	4.4593e-02	3.1232e-02	17:31,183:169	1
ref	22337	22337	334_329	0,406	1	0.7924	192:193,8:7	1
ref	22337	22337	333_330	1,1	0.6084	0.4642	6:4,2:3	2
ref	22248	22249	329_326	1,1	0.1793	0.1482	118:132,82:68	1
ref	22131	22131	326_309	0,1231	0.1897	0.158	120:106,80:94	1
ref	22131	22131	325_322	1,1	0.5501	0.3624	76:86,4:8	2
ref	22131	22131	322_319	1,1	0.2506	0.23	28:25,52:69	2
ref	22131	22131	319_316	1,1	1	0.8876	18:22,62:72	2
ref	22131	22131	316_313	1,1	0.6327	0.5333	30:31,50:63	2
ref	22131	22131	313_310	1,1	0.6277	0.5611	52:65,28:29	2
ref	22041	22042	309_306	1,1	1.7258e-20	0	14:94,186:106	1
ref	20953	21969	306_292	0,1016	0.1908	0.159	82:96,118:104	1
ref	21847	21848	305_302	1,1	0.5069	0.4069	112:101,6:3	2
ref	21593	21594	302_299	1,1	1.2127e-03	1.5268e-03	102:102,16:2	2
ref	21326	21327	299_296	1,1	0.311	0.2846	92:87,26:17	2
ref	21050	21051	296_293	1,1	0.1532	0.1332	18:9,100:95	2
ref	20571	20667	292_290	0,96	0.5818	0.5085	61:55,139:145	1
ref	20374	20375	290_287	1,1	0.1052	8.5288e-02	124:107,76:93	1
ref	20098	20099	287_284	1,1	1	1	121:121,79:79	1
ref	19854	19855	284_281	1,1	0.3114	0.2655	121:110,79:90	1
ref	19579	19580	281_278	1,1	0.3539	0.303	81:71,119:129	1
ref	19353	19522	278_276	0,169	0.1136	9.0204e-02	154:139,46:61	1
ref	19174	19175	276_273	1,1	0.5921	0.5201	67:61,133:139	1
ref	19039	19040	273_270	1,1	1	0.8959	35:36,165:164	1
ref	18946	18947	270_267	1,1	1	0.8808	26:25,174:175	1
ref	18802	18802	267_265	0,113	1.4217e-17	0	145:60,55:140	1
ref	18502	18503	265_262	1,1	0.9081	0.8174	49:51,151:149	1
ref	18355	18355	262_251	0,638	1	0.8743	177:178,23:22	1
ref	18355	18355	261_258	1,1	0.5302	0.399	14:16,9:6	2
ref	18355	18355	255_252	1,1	1	0.9629	2:2,21:20	2
ref	18284	18285	251_248	1,1	1	0.8743	22:23,178:177	1
ref	18111	18112	248_245	1,1	8.8801e-02	5.3665e-02	5:13,195:187	1
ref	17556	17557	244_241	1,1	0.5617	0.4801	25:30,174:170	2
ref	17276	17277	240_237	1,1	0.49	0.4205	153:146,47:54	1
ref	17194	17195	237_234	1,1	0.8996	0.8007	40:38,160:162	1
ref	17008	17009	234_231	1,1	0.9165	0.8339	71:69,129:131	1
ref	16946	16947	231_228	1,1	0.6171	0.5485	104:98,96:102	1
ref	16661	16662	228_225	1,1	5.2198e-02	3.3923e-02	180:191,20:9	1
ref	16426	16427	225_222	1,1	0.2632	0.2011	174:182,26:18	1
ref	16314	16314	222_220	0,94	0.6549	0.5012	191:188,9:12	1
ref	15950	15951	217_214	1,1	1	0.901	41:40,159:160	1
ref	15719	15720	214_211	1,1	1	0.9203	96:97,104:103	1
ref	15493	15494	211_208	1,1	0.4155	0.2765	9:5,191:195	1
ref	15431	15432	208_205	1,1	0.5809	0.461	182:186,18:14	1
ref	15232	15232	205_203	0,213	0.9047	0.8107	46:44,154:156	1
ref	14941	14942	203_200	1,1	0.7626	0.687	86:90,114:110	1
ref	14551	14838	200_198	0,287	0.6083	0.5385	81:75,119:125	1
ref	14393	14394	198_195	1,1	1	0.8558	17:16,183:184	1
ref	14205	14291	195_193	0,86	1	1	14:14,186:186	1
ref	14005	14006	193_190	1,1	0.1579	0.1284	146:132,54:68	1
ref	13710	13711	190_187	1,1	0.5272	0.4288	20:25,180:175	1
ref	13553	13554	187_184	1,1	0.7488	0.6694	67:63,133:137	1
ref	13405	13406	184_181	1,1	1	0.5622	1:2,199:198	1
ref	13107	13108	181_178	1,1	0.3131	0.249	176:168,24:32	1
ref	12930	12931	178_175	1,1	0.6036	0.5332	130:124,70:76	1
ref	12652	12653	175_172	1,1	0.4899	0.4071	28:34,172:166	1
ref	11725	12525	172_161	0,800	0.7255	0.6396	50:46,150:154	1
ref	12284	12285	171_168	1,1	0.2405	0.2143	64:55,86:99	2
ref	12125	12126	168_165	1,1	0.2967	0.2779	92:85,58:69	2
ref	11874	11875	165_162	1,1	3.4611e-02	3.0595e-02	19:34,131:120	2
ref	11444	11445	161_158	1,1	5.5985e-02	4.2603e-02	146:163,54:37	1
ref	11344	11344	158_153	0,405	0.369	0.3122	150:141,50:59	1
ref	11344	11344	157_154	1,1	0.8487	0.7913	25:28,25:31	2
ref	11048	11247	153_151	0,199	0.9147	0.8303	137:135,63:65	1
ref	10836	10837	151_148	1,1	0.3089	0.263	124:113,76:87	1
ref	10634	10635	148_145	1,1	1	0.9106	145:146,55:54	1
ref	10527	10528	145_142	1,1	0.5395	0.4614	155:161,45:39	1
ref	10298	10299	142_139	1,1	0.7255	0.6396	154:150,46:50	1
ref	10082	10083	139_136	1,1	0.845	0.6951	187:185,13:15	1
ref	9949	9950	136_133	1,1	0.5925	0.5032	36:31,164:169	1
ref	9736	9737	133_130	1,1	0.2733	0.2236	38:48,162:152	1
ref	9223	9482	130_125	0,259	0.2291	0.1927	87:100,113:100	1
ref	9404	9405	129_126	1,1	0.7528	0.6696	83:76,30:24	2
ref	9038	9039	125_122	1,1	0.404	0.3478	124:133,76:67	1
ref	8400	8782	122_117	0,382	0.7937	0.6946	37:34,163:166	1
ref	8697	8698	121_118	1,1	0.7126	0.6698	17:15,146:151	2
ref	8161	8162	117_114	1,1	0.6559	0.552	28:24,172:176	1
ref	7950	7951	114_111	1,1	0.6126	0.5433	87:81,113:119	1
ref	7785	7786	111_108	1,1	8.9378e-02	6.9067e-02	164:149,36:51	1
ref	7709	7710	108_105	1,1	0.1875	0.1434	22:32,178:168	1
ref	7540	7541	105_102	1,1	8.5424e-02	6.2961e-02	165:178,35:22	1
ref	6479	7317	102_88	0,838	0.146	0.1102	33:22,167:178	1
ref	7181	7182	101_98	1,1	2.7801e-03	2.5581e-03	77:54,90:124	2
ref	6872	6873	95_92	1,1	0.7471	0.7226	82:84,85:94	2
ref	6590	6591	92_89	1,1	0.6762	0.6013	164:176,3:2	2
ref	6392	6392	88_86	0,256	1.0792e-06	7.3327e-07	61:110,139:90	1
ref	6115	6116	86_83	1,1	3.7243e-03	2.4969e-03	35:15,165:185	1
ref	5933	5934	83_80	1,1	2.4011e-04	1.6890e-04	165:189,35:11	1
ref	5727	5728	80_77	1,1	0.1613	0.1335	90:105,110:95	1
ref	5623	5623	77_75	0,121	1	0.8299	12:11,188:189	1
ref	5405	5406	75_72	1,1	4.9555e-02	3.8867e-02	65:85,135:115	1
ref	5186	5187	72_69	1,1	0.6704	0.57	173:169,27:31	1
ref	4938	4939	69_66	1,1	1	0.8471	186:185,14:15	1
ref	4869	4870	66_63	1,1	0.6154	0.5465	93:87,107:113	1
ref	4770	4771	63_60	1,1	0.661	0.5584	25:29,175:171	1
ref	4610	4611	60_57	1,1	0.6394	0.4807	189:192,11:8	1
ref	4423	4424	57_54	1,1	0.6964	0.6027	166:162,34:38	1
ref	4309	4309	54_52	0,234	1	1	198:198,2:2	1
ref	3945	4128	52_50	0,183	0.2275	0.1911	83:96,117:104	1
ref	3749	3749	50_48	0,80	4.9535e-03	3.6591e-03	108:79,92:121	1
ref	3552	3553	48_45	1,1	0.5327	0.4666	131:124,69:76	1
ref	3426	3427	45_42	1,1	0.8498	0.7042	16:14,184:186	1
ref	2960	3368	42_37	0,408	0.6002	0.4298	6:9,194:191	1
ref	3156	3157	41_38	1,1	6.5849e-27	2.1127e-24	186:95,8:96	2
ref	2824	2825	37_34	1,1	1	0.897	164:163,36:37	1
ref	2711	2712	34_31	1,1	1.0039e-05	8.1861e-06	11:41,189:159	1
ref	2655	2656	31_28	1,1	0.7567	0.6795	73:77,127:123	1
ref	2485	2486	28_25	1,1	0.1077	8.6348e-02	128:144,72:56	1
ref	2340	2341	25_22	1,1	0.9081	0.8174	149:151,51:49	1
ref	1682	2117	22_14	0,435	1.1376e-10	9.0808e-11	45:108,155:92	1
ref	2060	2061	21_18	1,1	0.5101	0.4823	88:48,67:44	2
ref	1836	1837	18_15	1,1	0.1778	0.1569	55:41,100:51	2
ref	1397	1545	14_12	0,148	0.6156	0.53	42:37,158:163	1
ref	1283	1284	12_9	1,1	0.1199	9.2410e-02	30:43,170:157	1
ref	411	989	9_1	0,578	0.2	0.1588	157:168,43:32	1
ref	747	748	8_5	1,1	0.5748	0.5037	35:24,8:8	2
ref	589	590	5_2	1,1	0.8165	0.7134	21:17,22:15	2
