CHR	START_POS	END_POS	SNARL	PATHS	TYPE	REF
ref	244656	244797	4236_4238	>4236>4238,>4236>4237>4238	0,140	0
ref	244553	244554	4234_4236	>4234>4236,>4234>4235>4236	0,182	0
ref	243963	244472	4226_4234	>4226>4234,>4226>4227>*>4233>4234	0,508/508	0
ref	244217	244219	4230_4233	>4230>4231>4233,>4230>4232>4233	1,1	0
ref	244098	244100	4227_4230	>4227>4228>4230,>4227>4229>4230	1,1	0
ref	243746	243748	4223_4226	>4223>4224>4226,>4223>4225>4226	1,1	0
ref	243639	243641	4220_4223	>4220>4221>4223,>4220>4222>4223	1,1	0
ref	243423	243425	4217_4220	>4217>4218>4220,>4217>4219>4220	1,1	0
ref	243363	243365	4214_4217	>4214>4215>4217,>4214>4216>4217	1,1	0
ref	243211	243213	4211_4214	>4211>4212>4214,>4211>4213>4214	1,1	0
ref	241180	242994	4179_4211	>4179>4211,>4179>4180>*>4210>4211	0,1813/1813	0
ref	242861	242863	4207_4210	>4207>4208>4210,>4207>4209>4210	1,1	0
ref	242617	242619	4204_4207	>4204>4205>4207,>4204>4206>4207	1,1	0
ref	242398	242400	4201_4204	>4201>4202>4204,>4201>4203>4204	1,1	0
ref	242284	242286	4198_4201	>4198>4199>4201,>4198>4200>4201	1,1	0
ref	242220	242222	4195_4198	>4195>4196>4198,>4195>4197>4198	1,1	0
ref	242057	242059	4192_4195	>4192>4193>4195,>4192>4194>4195	1,1	0
ref	241913	241915	4189_4192	>4189>4190>4192,>4189>4191>4192	1,1	0
ref	241670	241672	4186_4189	>4186>4187>4189,>4186>4188>4189	1,1	0
ref	241611	241613	4183_4186	>4183>4184>4186,>4183>4185>4186	1,1	0
ref	241475	241477	4180_4183	>4180>4181>4183,>4180>4182>4183	1,1	0
ref	241124	241126	4176_4179	>4176>4177>4179,>4176>4178>4179	1,1	0
ref	241056	241058	4173_4176	>4173>4174>4176,>4173>4175>4176	1,1	0
ref	240373	240877	4162_4173	>4162>4173,>4162>4163>*>4172>4173	0,503/503	0
ref	240816	240818	4169_4172	>4169>4170>4172,>4169>4171>4172	1,1	0
ref	240626	240628	4166_4169	>4166>4167>4169,>4166>4168>4169	1,1	0
ref	240517	240519	4163_4166	>4163>4164>4166,>4163>4165>4166	1,1	0
ref	240207	240209	4159_4162	>4159>4160>4162,>4159>4161>4162	1,1	0
ref	240148	240150	4156_4159	>4156>4157>4159,>4156>4158>4159	1,1	0
ref	239826	240084	4148_4156	>4148>4156,>4148>4149>*>4155>4156	0,257/257	0
ref	240017	240019	4152_4155	>4152>4153>4155,>4152>4154>4155	1,1	0
ref	239905	239907	4149_4152	>4149>4150>4152,>4149>4151>4152	1,1	0
ref	239697	239698	4137_4148	>4137>4148,>4137>4138>*>4147>4148	0,712/712	0
ref	239697	239698	4144_4147	>4144>4145>4147,>4144>4146>4147	1,1	1
ref	239697	239698	4141_4144	>4141>4142>4144,>4141>4143>4144	1,1	1
ref	239697	239698	4138_4141	>4138>4139>4141,>4138>4140>4141	1,1	1
ref	239639	239641	4134_4137	>4134>4135>4137,>4134>4136>4137	1,1	0
ref	239355	239357	4131_4134	>4131>4132>4134,>4131>4133>4134	1,1	0
ref	239095	239097	4128_4131	>4128>4129>4131,>4128>4130>4131	1,1	0
ref	238921	238922	4126_4128	>4126>4128,>4126>4127>4128	0,222	0
ref	238807	238809	4123_4126	>4123>4124>4126,>4123>4125>4126	1,1	0
ref	238308	238643	4118_4123	>4118>4123,>4118>4119>*>4122>4123	0,334/334	0
ref	238429	238431	4122_4119	>4119>4120>4122,>4119>4121>4122	1,1	0
ref	238089	238091	4115_4118	>4115>4116>4118,>4115>4117>4118	1,1	0
ref	237890	237892	4112_4115	>4112>4113>4115,>4112>4114>4115	1,1	0
ref	237688	237690	4109_4112	>4109>4110>4112,>4109>4111>4112	1,1	0
ref	235615	237612	4077_4109	>4077>4109,>4077>4078>*>4108>4109	0,1996/1996	0
ref	237331	237333	4105_4108	>4105>4106>4108,>4105>4107>4108	1,1	0
ref	237152	237154	4102_4105	>4102>4103>4105,>4102>4104>4105	1,1	0
ref	236883	236885	4099_4102	>4099>4100>4102,>4099>4101>4102	1,1	0
ref	236612	236614	4096_4099	>4096>4097>4099,>4096>4098>4099	1,1	0
ref	236480	236482	4093_4096	>4093>4094>4096,>4093>4095>4096	1,1	0
ref	236219	236221	4090_4093	>4090>4091>4093,>4090>4092>4093	1,1	0
ref	236117	236119	4087_4090	>4087>4088>4090,>4087>4089>4090	1,1	0
ref	236009	236011	4084_4087	>4084>4085>4087,>4084>4086>4087	1,1	0
ref	235774	235776	4081_4084	>4081>4082>4084,>4081>4083>4084	1,1	0
ref	235700	235702	4078_4081	>4078>4079>4081,>4078>4080>4081	1,1	0
ref	234965	235332	4072_4077	>4072>4077,>4072>4073>*>4076>4077	0,366/366	0
ref	235111	235113	4076_4073	>4073>4074>4076,>4073>4075>4076	1,1	0
ref	234746	234747	4058_4072	>4058>4072,>4058>4059>*>4071>4072	0,754/754	0
ref	234746	234747	4068_4071	>4068>4069>4071,>4068>4070>4071	1,1	1
ref	234746	234747	4065_4068	>4065>4066>4068,>4065>4067>4068	1,1	1
ref	234746	234747	4062_4065	>4062>4063>4065,>4062>4064>4065	1,1	1
ref	234746	234747	4059_4062	>4059>4060>4062,>4059>4061>4062	1,1	1
ref	234451	234453	4055_4058	>4055>4056>4058,>4055>4057>4058	1,1	0
ref	234216	234217	4050_4055	>4050>4055,>4050>4051>*>4054>4055	0,310/310	0
ref	234216	234217	4051_4054	>4051>4052>4054,>4051>4053>4054	1,1	1
ref	234076	234078	4047_4050	>4047>4048>4050,>4047>4049>4050	1,1	0
ref	233984	233986	4044_4047	>4044>4045>4047,>4044>4046>4047	1,1	0
ref	233704	233706	4041_4044	>4041>4042>4044,>4041>4043>4044	1,1	0
ref	233492	233494	4038_4041	>4038>4039>4041,>4038>4040>4041	1,1	0
ref	233316	233318	4035_4038	>4035>4036>4038,>4035>4037>4038	1,1	0
ref	233173	233175	4032_4035	>4032>4033>4035,>4032>4034>4035	1,1	0
ref	232997	232999	4029_4032	>4029>4030>4032,>4029>4031>4032	1,1	0
ref	232858	232860	4026_4029	>4026>4027>4029,>4026>4028>4029	1,1	0
ref	232663	232665	4023_4026	>4023>4024>4026,>4023>4025>4026	1,1	0
ref	232505	232507	4020_4023	>4020>4021>4023,>4020>4022>4023	1,1	0
ref	232420	232421	4006_4020	>4006>4020,>4006>4007>*>4019>4020	0,1029/1029	0
ref	232420	232421	4016_4019	>4016>4017>4019,>4016>4018>4019	1,1	1
ref	232420	232421	4013_4016	>4013>4014>4016,>4013>4015>4016	1,1	1
ref	232420	232421	4010_4013	>4010>4011>4013,>4010>4012>4013	1,1	1
ref	232420	232421	4007_4010	>4007>4008>4010,>4007>4009>4010	1,1	1
ref	232303	232304	3995_4006	>3995>4006,>3995>3996>*>4005>4006	0,757/757	0
ref	232303	232304	4002_4005	>4002>4003>4005,>4002>4004>4005	1,1	1
ref	232303	232304	3999_4002	>3999>4000>4002,>3999>4001>4002	1,1	1
ref	232303	232304	3996_3999	>3996>3997>3999,>3996>3998>3999	1,1	1
ref	232094	232095	3990_3995	>3990>3995,>3990>3991>*>3994>3995	0,282/282	0
ref	232094	232095	3991_3994	>3991>3992>3994,>3991>3993>3994	1,1	1
ref	231913	231915	3987_3990	>3987>3988>3990,>3987>3989>3990	1,1	0
ref	231656	231657	3934_3987	>3934>3987,>3934>3935>*>3986>3987	0,3105/3105	0
ref	231656	231657	3983_3986	>3983>3984>3986,>3983>3985>3986	1,1	1
ref	231656	231657	3980_3983	>3980>3981>3983,>3980>3982>3983	1,1	1
ref	231656	231657	3977_3980	>3977>3978>3980,>3977>3979>3980	1,1	1
ref	231656	231657	3974_3977	>3974>3975>3977,>3974>3976>3977	1,1	1
ref	231656	231657	3971_3974	>3971>3972>3974,>3971>3973>3974	1,1	1
ref	231656	231657	3968_3971	>3968>3969>3971,>3968>3970>3971	1,1	1
ref	231656	231657	3965_3968	>3965>3966>3968,>3965>3967>3968	1,1	1
ref	231656	231657	3962_3965	>3962>3963>3965,>3962>3964>3965	1,1	1
ref	231656	231657	3959_3962	>3959>3960>3962,>3959>3961>3962	1,1	1
ref	231656	231657	3956_3959	>3956>3957>3959,>3956>3958>3959	1,1	1
ref	231656	231657	3953_3956	>3953>3954>3956,>3953>3955>3956	1,1	1
ref	231656	231657	3950_3953	>3950>3951>3953,>3950>3952>3953	1,1	1
ref	231656	231657	3947_3950	>3947>3948>3950,>3947>3949>3950	1,1	1
ref	231656	231657	3944_3947	>3944>3945>3947,>3944>3946>3947	1,1	1
ref	231656	231657	3941_3944	>3941>3942>3944,>3941>3943>3944	1,1	1
ref	231656	231657	3938_3941	>3938>3939>3941,>3938>3940>3941	1,1	1
ref	231656	231657	3935_3938	>3935>3936>3938,>3935>3937>3938	1,1	1
ref	231416	231418	3931_3934	>3931>3932>3934,>3931>3933>3934	1,1	0
ref	231178	231179	3929_3931	>3929>3931,>3929>3930>3931	0,143	0
ref	231067	231069	3926_3929	>3926>3927>3929,>3926>3928>3929	1,1	0
ref	230932	230933	3924_3926	>3924>3926,>3924>3925>3926	0,249	0
ref	230414	230704	3916_3924	>3916>3924,>3916>3917>*>3923>3924	0,289/289	0
ref	230631	230633	3920_3923	>3920>3921>3923,>3920>3922>3923	1,1	0
ref	230476	230478	3917_3920	>3917>3918>3920,>3917>3919>3920	1,1	0
ref	228451	230209	3893_3916	>3893>3916,>3893>3894>*>3915>3916	0,1757/1757	0
ref	230035	230037	3912_3915	>3912>3913>3915,>3912>3914>3915	1,1	0
ref	229847	229849	3909_3912	>3909>3910>3912,>3909>3911>3912	1,1	0
ref	229556	229558	3906_3909	>3906>3907>3909,>3906>3908>3909	1,1	0
ref	229476	229478	3903_3906	>3903>3904>3906,>3903>3905>3906	1,1	0
ref	229213	229215	3900_3903	>3900>3901>3903,>3900>3902>3903	1,1	0
ref	228966	228968	3897_3900	>3897>3898>3900,>3897>3899>3900	1,1	0
ref	228737	228739	3894_3897	>3894>3895>3897,>3894>3896>3897	1,1	0
ref	227791	228389	3879_3893	>3879>3893,>3879>3880>*>3892>3893	0,597/597	0
ref	228240	228242	3889_3892	>3889>3890>3892,>3889>3891>3892	1,1	0
ref	228094	228096	3886_3889	>3886>3887>3889,>3886>3888>3889	1,1	0
ref	228009	228011	3883_3886	>3883>3884>3886,>3883>3885>3886	1,1	0
ref	227911	227913	3880_3883	>3880>3881>3883,>3880>3882>3883	1,1	0
ref	227599	227601	3876_3879	>3876>3877>3879,>3876>3878>3879	1,1	0
ref	227506	227508	3873_3876	>3873>3874>3876,>3873>3875>3876	1,1	0
ref	227412	227414	3870_3873	>3870>3871>3873,>3870>3872>3873	1,1	0
ref	226833	227284	3865_3870	>3865>3870,>3865>3866>*>3869>3870	0,450/450	0
ref	227108	227110	3866_3869	>3866>3867>3869,>3866>3868>3869	1,1	0
ref	226622	226624	3862_3865	>3862>3863>3865,>3862>3864>3865	1,1	0
ref	226129	226329	3860_3862	>3860>3862,>3860>3861>3862	0,199	0
ref	226014	226016	3857_3860	>3857>3858>3860,>3857>3859>3860	1,1	0
ref	225943	225945	3854_3857	>3854>3855>3857,>3854>3856>3857	1,1	0
ref	225736	225738	3851_3854	>3851>3852>3854,>3851>3853>3854	1,1	0
ref	225477	225479	3848_3851	>3848>3849>3851,>3848>3850>3851	1,1	0
ref	224823	225320	3840_3848	>3840>3848,>3840>3841>*>3847>3848	0,496/496	0
ref	225122	225124	3844_3847	>3844>3845>3847,>3844>3846>3847	1,1	0
ref	225051	225053	3841_3844	>3841>3842>3844,>3841>3843>3844	1,1	0
ref	224550	224551	3820_3840	>3820>3840,>3820>3821>*>3839>3840	0,1174/1174	0
ref	224550	224551	3836_3839	>3836>3837>3839,>3836>3838>3839	1,1	1
ref	224550	224551	3833_3836	>3833>3834>3836,>3833>3835>3836	1,1	1
ref	224550	224551	3830_3833	>3830>3831>3833,>3830>3832>3833	1,1	1
ref	224550	224551	3827_3830	>3827>3828>3830,>3827>3829>3830	1,1	1
ref	224550	224551	3824_3827	>3824>3825>3827,>3824>3826>3827	1,1	1
ref	224550	224551	3821_3824	>3821>3822>3824,>3821>3823>3824	1,1	1
ref	224282	224284	3817_3820	>3817>3818>3820,>3817>3819>3820	1,1	0
ref	224066	224068	3814_3817	>3814>3815>3817,>3814>3816>3817	1,1	0
ref	223786	223788	3811_3814	>3811>3812>3814,>3811>3813>3814	1,1	0
ref	223510	223512	3808_3811	>3808>3809>3811,>3808>3810>3811	1,1	0
ref	223235	223237	3805_3808	>3805>3806>3808,>3805>3807>3808	1,1	0
ref	223038	223040	3802_3805	>3802>3803>3805,>3802>3804>3805	1,1	0
ref	222845	222847	3799_3802	>3799>3800>3802,>3799>3801>3802	1,1	0
ref	222638	222640	3796_3799	>3796>3797>3799,>3796>3798>3799	1,1	0
ref	222452	222454	3793_3796	>3793>3794>3796,>3793>3795>3796	1,1	0
ref	222311	222313	3790_3793	>3790>3791>3793,>3790>3792>3793	1,1	0
ref	222226	222228	3787_3790	>3787>3788>3790,>3787>3789>3790	1,1	0
ref	222132	222134	3784_3787	>3784>3785>3787,>3784>3786>3787	1,1	0
ref	222053	222055	3781_3784	>3781>3782>3784,>3781>3783>3784	1,1	0
ref	221656	221945	3779_3781	>3779>3781,>3779>3780>3781	0,288	0
ref	221452	221454	3776_3779	>3776>3777>3779,>3776>3778>3779	1,1	0
ref	221376	221378	3773_3776	>3773>3774>3776,>3773>3775>3776	1,1	0
ref	221235	221236	3765_3773	>3765>3773,>3765>3766>*>3772>3773	0,497/497	0
ref	221235	221236	3769_3772	>3769>3770>3772,>3769>3771>3772	1,1	1
ref	221235	221236	3766_3769	>3766>3767>3769,>3766>3768>3769	1,1	1
ref	220988	220990	3762_3765	>3762>3763>3765,>3762>3764>3765	1,1	0
ref	220879	220881	3759_3762	>3759>3760>3762,>3759>3761>3762	1,1	0
ref	220662	220664	3756_3759	>3756>3757>3759,>3756>3758>3759	1,1	0
ref	219609	220500	3745_3756	>3745>3756,>3745>3746>*>3755>3756	0,890/890	0
ref	220234	220236	3752_3755	>3752>3753>3755,>3752>3754>3755	1,1	0
ref	219934	219936	3749_3752	>3749>3750>3752,>3749>3751>3752	1,1	0
ref	219785	219787	3746_3749	>3746>3747>3749,>3746>3748>3749	1,1	0
ref	219403	219405	3742_3745	>3742>3743>3745,>3742>3744>3745	1,1	0
ref	219162	219164	3739_3742	>3739>3740>3742,>3739>3741>3742	1,1	0
ref	218899	219024	3737_3739	>3737>3739,>3737>3738>3739	0,124	0
ref	218719	218721	3734_3737	>3734>3735>3737,>3734>3736>3737	1,1	0
ref	218618	218620	3731_3734	>3731>3732>3734,>3731>3733>3734	1,1	0
ref	218222	218471	3729_3731	>3729>3731,>3729>3730>3731	0,248	0
ref	218162	218164	3726_3729	>3726>3727>3729,>3726>3728>3729	1,1	0
ref	217934	217936	3723_3726	>3723>3724>3726,>3723>3725>3726	1,1	0
ref	217804	217806	3720_3723	>3720>3721>3723,>3720>3722>3723	1,1	0
ref	217597	217599	3717_3720	>3717>3718>3720,>3717>3719>3720	1,1	0
ref	217109	217305	3715_3717	>3715>3717,>3715>3716>3717	0,195	0
ref	214864	216983	3680_3715	>3680>3715,>3680>3681>*>3714>3715	0,2118/2118	0
ref	216725	216727	3711_3714	>3711>3712>3714,>3711>3713>3714	1,1	0
ref	216532	216534	3708_3711	>3708>3709>3711,>3708>3710>3711	1,1	0
ref	216290	216292	3705_3708	>3705>3706>3708,>3705>3707>3708	1,1	0
ref	216196	216198	3702_3705	>3702>3703>3705,>3702>3704>3705	1,1	0
ref	215898	215900	3699_3702	>3699>3700>3702,>3699>3701>3702	1,1	0
ref	215786	215788	3696_3699	>3696>3697>3699,>3696>3698>3699	1,1	0
ref	215569	215571	3693_3696	>3693>3694>3696,>3693>3695>3696	1,1	0
ref	215475	215477	3690_3693	>3690>3691>3693,>3690>3692>3693	1,1	0
ref	215420	215422	3687_3690	>3687>3688>3690,>3687>3689>3690	1,1	0
ref	215170	215172	3684_3687	>3684>3685>3687,>3684>3686>3687	1,1	0
ref	215074	215076	3681_3684	>3681>3682>3684,>3681>3683>3684	1,1	0
ref	214674	214676	3677_3680	>3677>3678>3680,>3677>3679>3680	1,1	0
ref	214535	214536	3672_3677	>3672>3677,>3672>3673>*>3676>3677	0,257/257	0
ref	214535	214536	3673_3676	>3673>3674>3676,>3673>3675>3676	1,1	1
ref	214287	214289	3669_3672	>3669>3670>3672,>3669>3671>3672	1,1	0
ref	214231	214233	3666_3669	>3666>3667>3669,>3666>3668>3669	1,1	0
ref	214103	214105	3663_3666	>3663>3664>3666,>3663>3665>3666	1,1	0
ref	213957	213959	3660_3663	>3660>3661>3663,>3660>3662>3663	1,1	0
ref	213851	213853	3657_3660	>3657>3658>3660,>3657>3659>3660	1,1	0
ref	213746	213748	3654_3657	>3654>3655>3657,>3654>3656>3657	1,1	0
ref	213298	213489	3652_3654	>3652>3654,>3652>3653>3654	0,190	0
ref	213015	213017	3649_3652	>3649>3650>3652,>3649>3651>3652	1,1	0
ref	212818	212820	3646_3649	>3646>3647>3649,>3646>3648>3649	1,1	0
ref	212519	212521	3643_3646	>3643>3644>3646,>3643>3645>3646	1,1	0
ref	212354	212356	3640_3643	>3640>3641>3643,>3640>3642>3643	1,1	0
ref	211402	212298	3626_3640	>3626>3640,>3626>3627>*>3639>3640	0,895/895	0
ref	211507	211509	3630_3627	>3627>3628>3630,>3627>3629>3630	1,1	0
ref	211658	211660	3633_3630	>3630>3631>3633,>3630>3632>3633	1,1	0
ref	211804	211806	3636_3633	>3633>3634>3636,>3633>3635>3636	1,1	0
ref	212054	212056	3639_3636	>3636>3637>3639,>3636>3638>3639	1,1	0
ref	211245	211247	3623_3626	>3623>3624>3626,>3623>3625>3626	1,1	0
ref	211010	211012	3620_3623	>3620>3621>3623,>3620>3622>3623	1,1	0
ref	210791	210793	3617_3620	>3617>3618>3620,>3617>3619>3620	1,1	0
ref	210728	210730	3614_3617	>3614>3615>3617,>3614>3616>3617	1,1	0
ref	210527	210529	3611_3614	>3611>3612>3614,>3611>3613>3614	1,1	0
ref	210354	210355	3603_3611	>3603>3611,>3603>3604>*>3610>3611	0,500/500	0
ref	210354	210355	3607_3610	>3607>3608>3610,>3607>3609>3610	1,1	1
ref	210354	210355	3604_3607	>3604>3605>3607,>3604>3606>3607	1,1	1
ref	210292	210294	3600_3603	>3600>3601>3603,>3600>3602>3603	1,1	0
ref	210150	210152	3597_3600	>3597>3598>3600,>3597>3599>3600	1,1	0
ref	209943	209945	3594_3597	>3594>3595>3597,>3594>3596>3597	1,1	0
ref	208875	209889	3580_3594	>3580>3594,>3580>3581>*>3593>3594	0,1013/1013	0
ref	209599	209601	3590_3593	>3590>3591>3593,>3590>3592>3593	1,1	0
ref	209504	209506	3587_3590	>3587>3588>3590,>3587>3589>3590	1,1	0
ref	209229	209231	3584_3587	>3584>3585>3587,>3584>3586>3587	1,1	0
ref	208992	208994	3581_3584	>3581>3582>3584,>3581>3583>3584	1,1	0
ref	208806	208808	3577_3580	>3577>3578>3580,>3577>3579>3580	1,1	0
ref	208754	208756	3574_3577	>3574>3575>3577,>3574>3576>3577	1,1	0
ref	208580	208582	3571_3574	>3571>3572>3574,>3571>3573>3574	1,1	0
ref	208451	208453	3568_3571	>3568>3569>3571,>3568>3570>3571	1,1	0
ref	208166	208168	3565_3568	>3565>3566>3568,>3565>3567>3568	1,1	0
ref	207979	207981	3562_3565	>3562>3563>3565,>3562>3564>3565	1,1	0
ref	207787	207788	3554_3562	>3554>3562,>3554>3555>*>3561>3562	0,650/650	0
ref	207787	207788	3558_3561	>3558>3559>3561,>3558>3560>3561	1,1	1
ref	207787	207788	3555_3558	>3555>3556>3558,>3555>3557>3558	1,1	1
ref	207571	207573	3551_3554	>3551>3552>3554,>3551>3553>3554	1,1	0
ref	207295	207297	3548_3551	>3548>3549>3551,>3548>3550>3551	1,1	0
ref	206971	207098	3546_3548	>3546>3548,>3546>3547>3548	0,126	0
ref	206731	206733	3543_3546	>3543>3544>3546,>3543>3545>3546	1,1	0
ref	206521	206522	3529_3543	>3529>3543,>3529>3530>*>3542>3543	0,760/760	0
ref	206521	206522	3539_3542	>3539>3540>3542,>3539>3541>3542	1,1	1
ref	206521	206522	3536_3539	>3536>3537>3539,>3536>3538>3539	1,1	1
ref	206521	206522	3533_3536	>3533>3534>3536,>3533>3535>3536	1,1	1
ref	206521	206522	3530_3533	>3530>3531>3533,>3530>3532>3533	1,1	1
ref	206407	206409	3526_3529	>3526>3527>3529,>3526>3528>3529	1,1	0
ref	206308	206310	3523_3526	>3523>3524>3526,>3523>3525>3526	1,1	0
ref	206042	206044	3520_3523	>3520>3521>3523,>3520>3522>3523	1,1	0
ref	205859	205861	3517_3520	>3517>3518>3520,>3517>3519>3520	1,1	0
ref	205686	205688	3514_3517	>3514>3515>3517,>3514>3516>3517	1,1	0
ref	205399	205401	3511_3514	>3511>3512>3514,>3511>3513>3514	1,1	0
ref	204417	205243	3497_3511	>3497>3511,>3497>3498>*>3510>3511	0,825/825	0
ref	205099	205101	3507_3510	>3507>3508>3510,>3507>3509>3510	1,1	0
ref	204816	204818	3504_3507	>3504>3505>3507,>3504>3506>3507	1,1	0
ref	204741	204743	3501_3504	>3501>3502>3504,>3501>3503>3504	1,1	0
ref	204493	204495	3498_3501	>3498>3499>3501,>3498>3500>3501	1,1	0
ref	204282	204284	3494_3497	>3494>3495>3497,>3494>3496>3497	1,1	0
ref	204212	204214	3491_3494	>3491>3492>3494,>3491>3493>3494	1,1	0
ref	203492	204093	3483_3491	>3483>3491,>3483>3484>*>3490>3491	0,600/600	0
ref	203848	203850	3487_3490	>3487>3488>3490,>3487>3489>3490	1,1	0
ref	203687	203689	3484_3487	>3484>3485>3487,>3484>3486>3487	1,1	0
ref	203389	203391	3480_3483	>3480>3481>3483,>3480>3482>3483	1,1	0
ref	203277	203279	3477_3480	>3477>3478>3480,>3477>3479>3480	1,1	0
ref	202495	203220	3469_3477	>3469>3477,>3469>3470>*>3476>3477	0,724/724	0
ref	202995	202997	3473_3476	>3473>3474>3476,>3473>3475>3476	1,1	0
ref	202780	202782	3470_3473	>3470>3471>3473,>3470>3472>3473	1,1	0
ref	202420	202422	3466_3469	>3466>3467>3469,>3466>3468>3469	1,1	0
ref	202337	202339	3463_3466	>3463>3464>3466,>3463>3465>3466	1,1	0
ref	202101	202103	3460_3463	>3460>3461>3463,>3460>3462>3463	1,1	0
ref	201955	201957	3457_3460	>3457>3458>3460,>3457>3459>3460	1,1	0
ref	200527	201663	3443_3457	>3443>3457,>3443>3444>*>3456>3457	0,1135/1135	0
ref	200720	200722	3447_3444	>3444>3445>3447,>3444>3446>3447	1,1	0
ref	201012	201014	3450_3447	>3447>3448>3450,>3447>3449>3450	1,1	0
ref	201160	201162	3453_3450	>3450>3451>3453,>3450>3452>3453	1,1	0
ref	201394	201396	3456_3453	>3453>3454>3456,>3453>3455>3456	1,1	0
ref	200374	200463	3441_3443	>3441>3443,>3441>3442>3443	0,88	0
ref	200292	200294	3438_3441	>3438>3439>3441,>3438>3440>3441	1,1	0
ref	200187	200189	3435_3438	>3435>3436>3438,>3435>3437>3438	1,1	0
ref	199745	200036	3430_3435	>3430>3435,>3430>3431>*>3434>3435	0,290/290	0
ref	199983	199985	3431_3434	>3431>3432>3434,>3431>3433>3434	1,1	0
ref	199614	199616	3427_3430	>3427>3428>3430,>3427>3429>3430	1,1	0
ref	199382	199384	3424_3427	>3424>3425>3427,>3424>3426>3427	1,1	0
ref	199131	199133	3421_3424	>3421>3422>3424,>3421>3423>3424	1,1	0
ref	198909	198911	3418_3421	>3418>3419>3421,>3418>3420>3421	1,1	0
ref	198739	198741	3415_3418	>3415>3416>3418,>3415>3417>3418	1,1	0
ref	198664	198665	3413_3415	>3413>3415,>3413>3414>3415	0,211	0
ref	198587	198589	3410_3413	>3410>3411>3413,>3410>3412>3413	1,1	0
ref	198405	198407	3407_3410	>3407>3408>3410,>3407>3409>3410	1,1	0
ref	198271	198273	3404_3407	>3404>3405>3407,>3404>3406>3407	1,1	0
ref	198194	198196	3401_3404	>3401>3402>3404,>3401>3403>3404	1,1	0
ref	198047	198049	3398_3401	>3398>3399>3401,>3398>3400>3401	1,1	0
ref	197828	197830	3395_3398	>3395>3396>3398,>3395>3397>3398	1,1	0
ref	197702	197704	3392_3395	>3392>3393>3395,>3392>3394>3395	1,1	0
ref	197450	197634	3390_3392	>3390>3392,>3390>3391>3392	0,183	0
ref	197315	197317	3387_3390	>3387>3388>3390,>3387>3389>3390	1,1	0
ref	197026	197028	3384_3387	>3384>3385>3387,>3384>3386>3387	1,1	0
ref	196773	196775	3381_3384	>3381>3382>3384,>3381>3383>3384	1,1	0
ref	196713	196715	3378_3381	>3378>3379>3381,>3378>3380>3381	1,1	0
ref	196624	196626	3375_3378	>3375>3376>3378,>3375>3377>3378	1,1	0
ref	196558	196560	3372_3375	>3372>3373>3375,>3372>3374>3375	1,1	0
ref	196195	196296	3370_3372	>3370>3372,>3370>3371>3372	0,100	0
ref	196010	196012	3367_3370	>3367>3368>3370,>3367>3369>3370	1,1	0
ref	195585	195791	3365_3367	>3365>3367,>3365>3366>3367	0,205	0
ref	195370	195372	3362_3365	>3362>3363>3365,>3362>3364>3365	1,1	0
ref	195292	195294	3359_3362	>3359>3360>3362,>3359>3361>3362	1,1	0
ref	194997	194999	3356_3359	>3356>3357>3359,>3356>3358>3359	1,1	0
ref	194900	194902	3353_3356	>3353>3354>3356,>3353>3355>3356	1,1	0
ref	194678	194680	3350_3353	>3350>3351>3353,>3350>3352>3353	1,1	0
ref	194619	194621	3347_3350	>3347>3348>3350,>3347>3349>3350	1,1	0
ref	194472	194473	3333_3347	>3333>3347,>3333>3334>*>3346>3347	0,938/938	0
ref	194472	194473	3343_3346	>3343>3344>3346,>3343>3345>3346	1,1	1
ref	194472	194473	3340_3343	>3340>3341>3343,>3340>3342>3343	1,1	1
ref	194472	194473	3337_3340	>3337>3338>3340,>3337>3339>3340	1,1	1
ref	194472	194473	3334_3337	>3334>3335>3337,>3334>3336>3337	1,1	1
ref	194222	194224	3330_3333	>3330>3331>3333,>3330>3332>3333	1,1	0
ref	194125	194127	3327_3330	>3327>3328>3330,>3327>3329>3330	1,1	0
ref	193801	193868	3325_3327	>3325>3327,>3325>3326>3327	0,66	0
ref	193530	193532	3322_3325	>3322>3323>3325,>3322>3324>3325	1,1	0
ref	193439	193441	3319_3322	>3319>3320>3322,>3319>3321>3322	1,1	0
ref	193224	193226	3316_3319	>3316>3317>3319,>3316>3318>3319	1,1	0
ref	193078	193079	3314_3316	>3314>3316,>3314>3315>3316	0,144	0
ref	193000	193002	3311_3314	>3311>3312>3314,>3311>3313>3314	1,1	0
ref	192870	192872	3308_3311	>3308>3309>3311,>3308>3310>3311	1,1	0
ref	192753	192755	3305_3308	>3305>3306>3308,>3305>3307>3308	1,1	0
ref	192574	192702	3303_3305	>3303>3305,>3303>3304>3305	0,127	0
ref	192489	192491	3300_3303	>3300>3301>3303,>3300>3302>3303	1,1	0
ref	192392	192394	3297_3300	>3297>3298>3300,>3297>3299>3300	1,1	0
ref	192285	192287	3294_3297	>3294>3295>3297,>3294>3296>3297	1,1	0
ref	192025	192026	3292_3294	>3292>3294,>3292>3293>3294	0,286	0
ref	191784	191785	3281_3292	>3281>3292,>3281>3282>*>3291>3292	0,676/676	0
ref	191784	191785	3285_3282	>3282>3283>3285,>3282>3284>3285	1,1	1
ref	191784	191785	3288_3285	>3285>3286>3288,>3285>3287>3288	1,1	1
ref	191784	191785	3291_3288	>3288>3289>3291,>3288>3290>3291	1,1	1
ref	190511	191705	3267_3281	>3267>3281,>3267>3268>*>3280>3281	0,1193/1193	0
ref	191413	191415	3277_3280	>3277>3278>3280,>3277>3279>3280	1,1	0
ref	191135	191137	3274_3277	>3274>3275>3277,>3274>3276>3277	1,1	0
ref	190999	191001	3271_3274	>3271>3272>3274,>3271>3273>3274	1,1	0
ref	190748	190750	3268_3271	>3268>3269>3271,>3268>3270>3271	1,1	0
ref	190222	190224	3264_3267	>3264>3265>3267,>3264>3266>3267	1,1	0
ref	190034	190035	3262_3264	>3262>3264,>3262>3263>3264	0,198	0
ref	189683	189922	3260_3262	>3260>3262,>3260>3261>3262	0,238	0
ref	188865	189541	3249_3260	>3249>3260,>3249>3250>*>3259>3260	0,675/675	0
ref	189464	189466	3256_3259	>3256>3257>3259,>3256>3258>3259	1,1	0
ref	189237	189239	3253_3256	>3253>3254>3256,>3253>3255>3256	1,1	0
ref	189155	189157	3250_3253	>3250>3251>3253,>3250>3252>3253	1,1	0
ref	188646	188648	3246_3249	>3246>3247>3249,>3246>3248>3249	1,1	0
ref	188509	188511	3243_3246	>3243>3244>3246,>3243>3245>3246	1,1	0
ref	188277	188279	3240_3243	>3240>3241>3243,>3240>3242>3243	1,1	0
ref	188092	188094	3237_3240	>3237>3238>3240,>3237>3239>3240	1,1	0
ref	187845	187847	3234_3237	>3234>3235>3237,>3234>3236>3237	1,1	0
ref	187555	187557	3231_3234	>3231>3232>3234,>3231>3233>3234	1,1	0
ref	187498	187499	3226_3231	>3226>3231,>3226>3227>*>3230>3231	0,455/455	0
ref	187498	187499	3230_3227	>3227>3228>3230,>3227>3229>3230	1,1	1
ref	187431	187433	3223_3226	>3223>3224>3226,>3223>3225>3226	1,1	0
ref	187269	187271	3220_3223	>3220>3221>3223,>3220>3222>3223	1,1	0
ref	186970	187210	3218_3220	>3218>3220,>3218>3219>3220	0,239	0
ref	186887	186888	3216_3218	>3216>3218,>3216>3217>3218	0,113	0
ref	186679	186681	3213_3216	>3213>3214>3216,>3213>3215>3216	1,1	0
ref	186560	186562	3210_3213	>3210>3211>3213,>3210>3212>3213	1,1	0
ref	186493	186495	3207_3210	>3207>3208>3210,>3207>3209>3210	1,1	0
ref	186404	186406	3204_3207	>3204>3205>3207,>3204>3206>3207	1,1	0
ref	186108	186110	3201_3204	>3201>3202>3204,>3201>3203>3204	1,1	0
ref	185821	185822	3199_3201	>3199>3201,>3199>3200>3201	0,188	0
ref	185696	185698	3196_3199	>3196>3197>3199,>3196>3198>3199	1,1	0
ref	185451	185453	3193_3196	>3193>3194>3196,>3193>3195>3196	1,1	0
ref	185333	185335	3190_3193	>3190>3191>3193,>3190>3192>3193	1,1	0
ref	185274	185275	3182_3190	>3182>3190,>3182>3183>*>3189>3190	0,398/398	0
ref	185274	185275	3186_3189	>3186>3187>3189,>3186>3188>3189	1,1	1
ref	185274	185275	3183_3186	>3183>3184>3186,>3183>3185>3186	1,1	1
ref	185193	185195	3179_3182	>3179>3180>3182,>3179>3181>3182	1,1	0
ref	184987	184989	3176_3179	>3176>3177>3179,>3176>3178>3179	1,1	0
ref	184910	184912	3173_3176	>3173>3174>3176,>3173>3175>3176	1,1	0
ref	184616	184618	3170_3173	>3170>3171>3173,>3170>3172>3173	1,1	0
ref	184411	184413	3167_3170	>3167>3168>3170,>3167>3169>3170	1,1	0
ref	184149	184151	3164_3167	>3164>3165>3167,>3164>3166>3167	1,1	0
ref	184070	184072	3161_3164	>3161>3162>3164,>3161>3163>3164	1,1	0
ref	184004	184006	3158_3161	>3158>3159>3161,>3158>3160>3161	1,1	0
ref	183720	183722	3155_3158	>3155>3156>3158,>3155>3157>3158	1,1	0
ref	183533	183534	3153_3155	>3153>3155,>3153>3154>3155	0,255	0
ref	183353	183355	3150_3153	>3150>3151>3153,>3150>3152>3153	1,1	0
ref	183163	183164	3148_3150	>3148>3150,>3148>3149>3150	0,257	0
ref	182956	182957	3146_3148	>3146>3148,>3146>3147>3148	0,114	0
ref	182704	182706	3143_3146	>3143>3144>3146,>3143>3145>3146	1,1	0
ref	182527	182529	3140_3143	>3140>3141>3143,>3140>3142>3143	1,1	0
ref	182404	182406	3137_3140	>3137>3138>3140,>3137>3139>3140	1,1	0
ref	182134	182136	3134_3137	>3134>3135>3137,>3134>3136>3137	1,1	0
ref	181886	181888	3131_3134	>3131>3132>3134,>3131>3133>3134	1,1	0
ref	181658	181660	3128_3131	>3128>3129>3131,>3128>3130>3131	1,1	0
ref	181554	181556	3125_3128	>3125>3126>3128,>3125>3127>3128	1,1	0
ref	181303	181305	3122_3125	>3122>3123>3125,>3122>3124>3125	1,1	0
ref	181205	181207	3119_3122	>3119>3120>3122,>3119>3121>3122	1,1	0
ref	181028	181029	3117_3119	>3117>3119,>3117>3118>3119	0,224	0
ref	180801	180803	3114_3117	>3114>3115>3117,>3114>3116>3117	1,1	0
ref	180641	180643	3111_3114	>3111>3112>3114,>3111>3113>3114	1,1	0
ref	180355	180356	3109_3111	>3109>3111,>3109>3110>3111	0,266	0
ref	180133	180135	3106_3109	>3106>3107>3109,>3106>3108>3109	1,1	0
ref	179732	179998	3104_3106	>3104>3106,>3104>3105>3106	0,265	0
ref	179601	179603	3101_3104	>3101>3102>3104,>3101>3103>3104	1,1	0
ref	179525	179527	3098_3101	>3098>3099>3101,>3098>3100>3101	1,1	0
ref	179280	179282	3095_3098	>3095>3096>3098,>3095>3097>3098	1,1	0
ref	179084	179086	3092_3095	>3092>3093>3095,>3092>3094>3095	1,1	0
ref	178984	178985	3084_3092	>3084>3092,>3084>3085>*>3091>3092	0,612/612	0
ref	178984	178985	3088_3091	>3088>3089>3091,>3088>3090>3091	1,1	1
ref	178984	178985	3085_3088	>3085>3086>3088,>3085>3087>3088	1,1	1
ref	178905	178906	3082_3084	>3082>3084,>3082>3083>3084	0,169	0
ref	178681	178683	3079_3082	>3079>3080>3082,>3079>3081>3082	1,1	0
ref	177060	178564	3053_3079	>3053>3079,>3053>3054>*>3078>3079	0,1503/1503	0
ref	177223	177225	3057_3054	>3054>3055>3057,>3054>3056>3057	1,1	0
ref	177381	177383	3060_3057	>3057>3058>3060,>3057>3059>3060	1,1	0
ref	177675	177677	3063_3060	>3060>3061>3063,>3060>3062>3063	1,1	0
ref	177775	177777	3066_3063	>3063>3064>3066,>3063>3065>3066	1,1	0
ref	177946	177948	3069_3066	>3066>3067>3069,>3066>3068>3069	1,1	0
ref	178095	178097	3072_3069	>3069>3070>3072,>3069>3071>3072	1,1	0
ref	178229	178231	3075_3072	>3072>3073>3075,>3072>3074>3075	1,1	0
ref	178495	178497	3078_3075	>3075>3076>3078,>3075>3077>3078	1,1	0
ref	176920	176922	3050_3053	>3050>3051>3053,>3050>3052>3053	1,1	0
ref	176765	176767	3047_3050	>3047>3048>3050,>3047>3049>3050	1,1	0
ref	176673	176675	3044_3047	>3044>3045>3047,>3044>3046>3047	1,1	0
ref	176403	176405	3041_3044	>3041>3042>3044,>3041>3043>3044	1,1	0
ref	176288	176290	3038_3041	>3038>3039>3041,>3038>3040>3041	1,1	0
ref	176109	176110	3027_3038	>3027>3038,>3027>3028>*>3037>3038	0,406/406	0
ref	176109	176110	3034_3037	>3034>3035>3037,>3034>3036>3037	1,1	1
ref	176109	176110	3031_3034	>3031>3032>3034,>3031>3033>3034	1,1	1
ref	176109	176110	3028_3031	>3028>3029>3031,>3028>3030>3031	1,1	1
ref	175980	175982	3024_3027	>3024>3025>3027,>3024>3026>3027	1,1	0
ref	175908	175910	3021_3024	>3021>3022>3024,>3021>3023>3024	1,1	0
ref	175715	175717	3018_3021	>3018>3019>3021,>3018>3020>3021	1,1	0
ref	175128	175658	3007_3018	>3007>3018,>3007>3008>*>3017>3018	0,529/529	0
ref	175204	175206	3011_3008	>3008>3009>3011,>3008>3010>3011	1,1	0
ref	175314	175316	3014_3011	>3011>3012>3014,>3011>3013>3014	1,1	0
ref	175453	175455	3017_3014	>3014>3015>3017,>3014>3016>3017	1,1	0
ref	175037	175039	3004_3007	>3004>3005>3007,>3004>3006>3007	1,1	0
ref	174966	174968	3001_3004	>3001>3002>3004,>3001>3003>3004	1,1	0
ref	174804	174806	2998_3001	>2998>2999>3001,>2998>3000>3001	1,1	0
ref	174536	174538	2995_2998	>2995>2996>2998,>2995>2997>2998	1,1	0
ref	174472	174474	2992_2995	>2992>2993>2995,>2992>2994>2995	1,1	0
ref	174295	174297	2989_2992	>2989>2990>2992,>2989>2991>2992	1,1	0
ref	174228	174230	2986_2989	>2986>2987>2989,>2986>2988>2989	1,1	0
ref	174026	174028	2983_2986	>2983>2984>2986,>2983>2985>2986	1,1	0
ref	173795	173926	2981_2983	>2981>2983,>2981>2982>2983	0,130	0
ref	173715	173717	2978_2981	>2978>2979>2981,>2978>2980>2981	1,1	0
ref	173470	173471	2976_2978	>2976>2978,>2976>2977>2978	0,111	0
ref	173191	173193	2973_2976	>2973>2974>2976,>2973>2975>2976	1,1	0
ref	173032	173033	2953_2973	>2953>2973,>2953>2954>*>2972>2973	0,1299/1299	0
ref	173032	173033	2969_2972	>2969>2970>2972,>2969>2971>2972	1,1	1
ref	173032	173033	2966_2969	>2966>2967>2969,>2966>2968>2969	1,1	1
ref	173032	173033	2963_2966	>2963>2964>2966,>2963>2965>2966	1,1	1
ref	173032	173033	2960_2963	>2960>2961>2963,>2960>2962>2963	1,1	1
ref	173032	173033	2957_2960	>2957>2958>2960,>2957>2959>2960	1,1	1
ref	173032	173033	2954_2957	>2954>2955>2957,>2954>2956>2957	1,1	1
ref	172891	172893	2950_2953	>2950>2951>2953,>2950>2952>2953	1,1	0
ref	172566	172636	2948_2950	>2948>2950,>2948>2949>2950	0,69	0
ref	172425	172427	2945_2948	>2945>2946>2948,>2945>2947>2948	1,1	0
ref	172243	172245	2942_2945	>2942>2943>2945,>2942>2944>2945	1,1	0
ref	172122	172124	2939_2942	>2939>2940>2942,>2939>2941>2942	1,1	0
ref	171938	171940	2936_2939	>2936>2937>2939,>2936>2938>2939	1,1	0
ref	170939	171833	2922_2936	>2922>2936,>2922>2923>*>2935>2936	0,893/893	0
ref	171541	171543	2932_2935	>2932>2933>2935,>2932>2934>2935	1,1	0
ref	171342	171344	2929_2932	>2929>2930>2932,>2929>2931>2932	1,1	0
ref	171204	171206	2926_2929	>2926>2927>2929,>2926>2928>2929	1,1	0
ref	171007	171009	2923_2926	>2923>2924>2926,>2923>2925>2926	1,1	0
ref	170832	170834	2919_2922	>2919>2920>2922,>2919>2921>2922	1,1	0
ref	170643	170645	2916_2919	>2916>2917>2919,>2916>2918>2919	1,1	0
ref	170568	170570	2913_2916	>2913>2914>2916,>2913>2915>2916	1,1	0
ref	169814	170399	2905_2913	>2905>2913,>2905>2906>*>2912>2913	0,584/584	0
ref	170108	170110	2909_2912	>2909>2910>2912,>2909>2911>2912	1,1	0
ref	170031	170033	2906_2909	>2906>2907>2909,>2906>2908>2909	1,1	0
ref	169608	169610	2902_2905	>2902>2903>2905,>2902>2904>2905	1,1	0
ref	169366	169368	2899_2902	>2899>2900>2902,>2899>2901>2902	1,1	0
ref	169142	169144	2896_2899	>2896>2897>2899,>2896>2898>2899	1,1	0
ref	168914	168916	2893_2896	>2893>2894>2896,>2893>2895>2896	1,1	0
ref	168739	168741	2890_2893	>2890>2891>2893,>2890>2892>2893	1,1	0
ref	168519	168521	2887_2890	>2887>2888>2890,>2887>2889>2890	1,1	0
ref	166984	168443	2870_2887	>2870>2887,>2870>2871>*>2886>2887	0,1458/1458	0
ref	167186	167188	2874_2871	>2871>2872>2874,>2871>2873>2874	1,1	0
ref	167369	167371	2877_2874	>2874>2875>2877,>2874>2876>2877	1,1	0
ref	167662	167664	2880_2877	>2877>2878>2880,>2877>2879>2880	1,1	0
ref	167961	167963	2883_2880	>2880>2881>2883,>2880>2882>2883	1,1	0
ref	168255	168257	2886_2883	>2883>2884>2886,>2883>2885>2886	1,1	0
ref	166889	166891	2867_2870	>2867>2868>2870,>2867>2869>2870	1,1	0
ref	166731	166733	2864_2867	>2864>2865>2867,>2864>2866>2867	1,1	0
ref	166630	166632	2861_2864	>2861>2862>2864,>2861>2863>2864	1,1	0
ref	166350	166351	2823_2861	>2823>2861,>2823>2824>*>2860>2861	0,2192/2192	0
ref	166350	166351	2857_2860	>2857>2858>2860,>2857>2859>2860	1,1	1
ref	166350	166351	2854_2857	>2854>2855>2857,>2854>2856>2857	1,1	1
ref	166350	166351	2851_2854	>2851>2852>2854,>2851>2853>2854	1,1	1
ref	166350	166351	2848_2851	>2848>2849>2851,>2848>2850>2851	1,1	1
ref	166350	166351	2845_2848	>2845>2846>2848,>2845>2847>2848	1,1	1
ref	166350	166351	2842_2845	>2842>2843>2845,>2842>2844>2845	1,1	1
ref	166350	166351	2839_2842	>2839>2840>2842,>2839>2841>2842	1,1	1
ref	166350	166351	2836_2839	>2836>2837>2839,>2836>2838>2839	1,1	1
ref	166350	166351	2833_2836	>2833>2834>2836,>2833>2835>2836	1,1	1
ref	166350	166351	2830_2833	>2830>2831>2833,>2830>2832>2833	1,1	1
ref	166350	166351	2827_2830	>2827>2828>2830,>2827>2829>2830	1,1	1
ref	166350	166351	2824_2827	>2824>2825>2827,>2824>2826>2827	1,1	1
ref	166256	166257	2815_2823	>2815>2823,>2815>2816>*>2822>2823	0,622/622	0
ref	166256	166257	2819_2822	>2819>2820>2822,>2819>2821>2822	1,1	1
ref	166256	166257	2816_2819	>2816>2817>2819,>2816>2818>2819	1,1	1
ref	166053	166055	2812_2815	>2812>2813>2815,>2812>2814>2815	1,1	0
ref	165970	165972	2809_2812	>2809>2810>2812,>2809>2811>2812	1,1	0
ref	165783	165784	2801_2809	>2801>2809,>2801>2802>*>2808>2809	0,417/417	0
ref	165783	165784	2805_2808	>2805>2806>2808,>2805>2807>2808	1,1	1
ref	165783	165784	2802_2805	>2802>2803>2805,>2802>2804>2805	1,1	1
ref	165554	165556	2798_2801	>2798>2799>2801,>2798>2800>2801	1,1	0
ref	165424	165501	2796_2798	>2796>2798,>2796>2797>2798	0,76	0
ref	165234	165236	2793_2796	>2793>2794>2796,>2793>2795>2796	1,1	0
ref	164961	164963	2790_2793	>2790>2791>2793,>2790>2792>2793	1,1	0
ref	164905	164907	2787_2790	>2787>2788>2790,>2787>2789>2790	1,1	0
ref	164697	164698	2785_2787	>2785>2787,>2785>2786>2787	0,78	0
ref	164493	164494	2771_2785	>2771>2785,>2771>2772>*>2784>2785	0,767/767	0
ref	164493	164494	2781_2784	>2781>2782>2784,>2781>2783>2784	1,1	1
ref	164493	164494	2778_2781	>2778>2779>2781,>2778>2780>2781	1,1	1
ref	164493	164494	2775_2778	>2775>2776>2778,>2775>2777>2778	1,1	1
ref	164493	164494	2772_2775	>2772>2773>2775,>2772>2774>2775	1,1	1
ref	164410	164412	2768_2771	>2768>2769>2771,>2768>2770>2771	1,1	0
ref	164357	164359	2765_2768	>2765>2766>2768,>2765>2767>2768	1,1	0
ref	164093	164095	2762_2765	>2762>2763>2765,>2762>2764>2765	1,1	0
ref	163959	163961	2759_2762	>2759>2760>2762,>2759>2761>2762	1,1	0
ref	163517	163715	2757_2759	>2757>2759,>2757>2758>2759	0,197	0
ref	163403	163405	2754_2757	>2754>2755>2757,>2754>2756>2757	1,1	0
ref	163239	163241	2751_2754	>2751>2752>2754,>2751>2753>2754	1,1	0
ref	163092	163094	2748_2751	>2748>2749>2751,>2748>2750>2751	1,1	0
ref	163015	163017	2745_2748	>2745>2746>2748,>2745>2747>2748	1,1	0
ref	162788	162790	2742_2745	>2742>2743>2745,>2742>2744>2745	1,1	0
ref	162628	162630	2739_2742	>2739>2740>2742,>2739>2741>2742	1,1	0
ref	162512	162514	2736_2739	>2736>2737>2739,>2736>2738>2739	1,1	0
ref	162247	162248	2734_2736	>2734>2736,>2734>2735>2736	0,242	0
ref	161851	162164	2729_2734	>2729>2734,>2729>2730>*>2733>2734	0,312/312	0
ref	161938	161940	2730_2733	>2730>2731>2733,>2730>2732>2733	1,1	0
ref	161569	161571	2726_2729	>2726>2727>2729,>2726>2728>2729	1,1	0
ref	161343	161345	2723_2726	>2723>2724>2726,>2723>2725>2726	1,1	0
ref	161187	161189	2720_2723	>2720>2721>2723,>2720>2722>2723	1,1	0
ref	160944	160946	2717_2720	>2717>2718>2720,>2717>2719>2720	1,1	0
ref	160836	160838	2714_2717	>2714>2715>2717,>2714>2716>2717	1,1	0
ref	160589	160591	2711_2714	>2711>2712>2714,>2711>2713>2714	1,1	0
ref	160409	160411	2708_2711	>2708>2709>2711,>2708>2710>2711	1,1	0
ref	160200	160202	2705_2708	>2705>2706>2708,>2705>2707>2708	1,1	0
ref	159949	160104	2703_2705	>2703>2705,>2703>2704>2705	0,154	0
ref	157474	159750	2653_2703	>2653>2703,>2653>2654>*>2702>2703	0,2275/2275	0
ref	157555	157557	2657_2654	>2654>2655>2657,>2654>2656>2657	1,1	0
ref	157668	157670	2660_2657	>2657>2658>2660,>2657>2659>2660	1,1	0
ref	157817	157819	2663_2660	>2660>2661>2663,>2660>2662>2663	1,1	0
ref	157887	157889	2666_2663	>2663>2664>2666,>2663>2665>2666	1,1	0
ref	158068	158070	2669_2666	>2666>2667>2669,>2666>2668>2669	1,1	0
ref	158132	158134	2672_2669	>2669>2670>2672,>2669>2671>2672	1,1	0
ref	158212	158214	2675_2672	>2672>2673>2675,>2672>2674>2675	1,1	0
ref	158471	158473	2678_2675	>2675>2676>2678,>2675>2677>2678	1,1	0
ref	158650	158652	2681_2678	>2678>2679>2681,>2678>2680>2681	1,1	0
ref	158734	158736	2684_2681	>2681>2682>2684,>2681>2683>2684	1,1	0
ref	158876	158878	2687_2684	>2684>2685>2687,>2684>2686>2687	1,1	0
ref	159054	159056	2690_2687	>2687>2688>2690,>2687>2689>2690	1,1	0
ref	159275	159277	2693_2690	>2690>2691>2693,>2690>2692>2693	1,1	0
ref	159386	159388	2696_2693	>2693>2694>2696,>2693>2695>2696	1,1	0
ref	159511	159513	2699_2696	>2696>2697>2699,>2696>2698>2699	1,1	0
ref	159584	159586	2702_2699	>2699>2700>2702,>2699>2701>2702	1,1	0
ref	157366	157368	2650_2653	>2650>2651>2653,>2650>2652>2653	1,1	0
ref	157120	157122	2647_2650	>2647>2648>2650,>2647>2649>2650	1,1	0
ref	156833	156834	2621_2647	>2621>2647,>2621>2622>*>2646>2647	0,2129/2129	0
ref	156833	156834	2643_2646	>2643>2644>2646,>2643>2645>2646	1,1	1
ref	156833	156834	2640_2643	>2640>2641>2643,>2640>2642>2643	1,1	1
ref	156833	156834	2637_2640	>2637>2638>2640,>2637>2639>2640	1,1	1
ref	156833	156834	2634_2637	>2634>2635>2637,>2634>2636>2637	1,1	1
ref	156833	156834	2631_2634	>2631>2632>2634,>2631>2633>2634	1,1	1
ref	156833	156834	2628_2631	>2628>2629>2631,>2628>2630>2631	1,1	1
ref	156833	156834	2625_2628	>2625>2626>2628,>2625>2627>2628	1,1	1
ref	156833	156834	2622_2625	>2622>2623>2625,>2622>2624>2625	1,1	1
ref	156695	156697	2618_2621	>2618>2619>2621,>2618>2620>2621	1,1	0
ref	156446	156590	2616_2618	>2616>2618,>2616>2617>2618	0,143	0
ref	156295	156297	2613_2616	>2613>2614>2616,>2613>2615>2616	1,1	0
ref	156214	156216	2610_2613	>2610>2611>2613,>2610>2612>2613	1,1	0
ref	156118	156120	2607_2610	>2607>2608>2610,>2607>2609>2610	1,1	0
ref	155748	155833	2605_2607	>2605>2607,>2605>2606>2607	0,84	0
ref	154793	155684	2591_2605	>2591>2605,>2591>2592>*>2604>2605	0,890/890	0
ref	155505	155507	2601_2604	>2601>2602>2604,>2601>2603>2604	1,1	0
ref	155426	155428	2598_2601	>2598>2599>2601,>2598>2600>2601	1,1	0
ref	155267	155269	2595_2598	>2595>2596>2598,>2595>2597>2598	1,1	0
ref	155006	155008	2592_2595	>2592>2593>2595,>2592>2594>2595	1,1	0
ref	154625	154626	2586_2591	>2586>2591,>2586>2587>*>2590>2591	0,321/321	0
ref	154625	154626	2590_2587	>2587>2588>2590,>2587>2589>2590	1,1	1
ref	154443	154444	2584_2586	>2584>2586,>2584>2585>2586	0,142	0
ref	154353	154355	2581_2584	>2581>2582>2584,>2581>2583>2584	1,1	0
ref	154157	154159	2578_2581	>2578>2579>2581,>2578>2580>2581	1,1	0
ref	153906	153908	2575_2578	>2575>2576>2578,>2575>2577>2578	1,1	0
ref	153451	153731	2573_2575	>2573>2575,>2573>2574>2575	0,279	0
ref	153294	153296	2570_2573	>2570>2571>2573,>2570>2572>2573	1,1	0
ref	153082	153084	2567_2570	>2567>2568>2570,>2567>2569>2570	1,1	0
ref	152987	152989	2564_2567	>2564>2565>2567,>2564>2566>2567	1,1	0
ref	152884	152886	2561_2564	>2561>2562>2564,>2561>2563>2564	1,1	0
ref	152720	152722	2558_2561	>2558>2559>2561,>2558>2560>2561	1,1	0
ref	152522	152524	2555_2558	>2555>2556>2558,>2555>2557>2558	1,1	0
ref	152221	152223	2552_2555	>2552>2553>2555,>2552>2554>2555	1,1	0
ref	151899	151994	2550_2552	>2550>2552,>2550>2551>2552	0,94	0
ref	151808	151809	2542_2550	>2542>2550,>2542>2543>*>2549>2550	0,611/611	0
ref	151808	151809	2546_2549	>2546>2547>2549,>2546>2548>2549	1,1	1
ref	151808	151809	2543_2546	>2543>2544>2546,>2543>2545>2546	1,1	1
ref	151563	151565	2539_2542	>2539>2540>2542,>2539>2541>2542	1,1	0
ref	151467	151469	2536_2539	>2536>2537>2539,>2536>2538>2539	1,1	0
ref	151278	151280	2533_2536	>2533>2534>2536,>2533>2535>2536	1,1	0
ref	151098	151099	2531_2533	>2531>2533,>2531>2532>2533	0,218	0
ref	150898	150900	2528_2531	>2528>2529>2531,>2528>2530>2531	1,1	0
ref	150628	150630	2525_2528	>2525>2526>2528,>2525>2527>2528	1,1	0
ref	150484	150485	2508_2525	>2508>2525,>2508>2509>*>2524>2525	0,1017/1017	0
ref	150484	150485	2521_2524	>2521>2522>2524,>2521>2523>2524	1,1	1
ref	150484	150485	2518_2521	>2518>2519>2521,>2518>2520>2521	1,1	1
ref	150484	150485	2515_2518	>2515>2516>2518,>2515>2517>2518	1,1	1
ref	150484	150485	2512_2515	>2512>2513>2515,>2512>2514>2515	1,1	1
ref	150484	150485	2509_2512	>2509>2510>2512,>2509>2511>2512	1,1	1
ref	150322	150324	2505_2508	>2505>2506>2508,>2505>2507>2508	1,1	0
ref	150231	150232	2500_2505	>2500>2505,>2500>2501>*>2504>2505	0,355/355	0
ref	150231	150232	2501_2504	>2501>2502>2504,>2501>2503>2504	1,1	1
ref	150068	150070	2497_2500	>2497>2498>2500,>2497>2499>2500	1,1	0
ref	149936	149938	2494_2497	>2494>2495>2497,>2494>2496>2497	1,1	0
ref	149742	149744	2491_2494	>2491>2492>2494,>2491>2493>2494	1,1	0
ref	149500	149502	2488_2491	>2488>2489>2491,>2488>2490>2491	1,1	0
ref	149308	149310	2485_2488	>2485>2486>2488,>2485>2487>2488	1,1	0
ref	149059	149061	2482_2485	>2482>2483>2485,>2482>2484>2485	1,1	0
ref	148842	148843	2480_2482	>2480>2482,>2480>2481>2482	0,165	0
ref	148327	148698	2475_2480	>2475>2480,>2475>2476>*>2479>2480	0,370/370	0
ref	148453	148455	2476_2479	>2476>2477>2479,>2476>2478>2479	1,1	0
ref	147937	148182	2473_2475	>2473>2475,>2473>2474>2475	0,244	0
ref	147836	147838	2470_2473	>2470>2471>2473,>2470>2472>2473	1,1	0
ref	147668	147670	2467_2470	>2467>2468>2470,>2467>2469>2470	1,1	0
ref	147249	147451	2465_2467	>2465>2467,>2465>2466>2467	0,201	0
ref	146967	146969	2462_2465	>2462>2463>2465,>2462>2464>2465	1,1	0
ref	146675	146677	2459_2462	>2459>2460>2462,>2459>2461>2462	1,1	0
ref	146551	146553	2456_2459	>2456>2457>2459,>2456>2458>2459	1,1	0
ref	146216	146269	2454_2456	>2454>2456,>2454>2455>2456	0,52	0
ref	146146	146148	2451_2454	>2451>2452>2454,>2451>2453>2454	1,1	0
ref	145949	146010	2449_2451	>2449>2451,>2449>2450>2451	0,60	0
ref	145745	145746	2438_2449	>2438>2449,>2438>2439>*>2448>2449	0,598/598	0
ref	145745	145746	2442_2439	>2439>2440>2442,>2439>2441>2442	1,1	1
ref	145745	145746	2445_2442	>2442>2443>2445,>2442>2444>2445	1,1	1
ref	145745	145746	2448_2445	>2445>2446>2448,>2445>2447>2448	1,1	1
ref	145471	145473	2435_2438	>2435>2436>2438,>2435>2437>2438	1,1	0
ref	145229	145230	2433_2435	>2433>2435,>2433>2434>2435	0,154	0
ref	144978	144980	2430_2433	>2430>2431>2433,>2430>2432>2433	1,1	0
ref	144918	144920	2427_2430	>2427>2428>2430,>2427>2429>2430	1,1	0
ref	144639	144641	2424_2427	>2424>2425>2427,>2424>2426>2427	1,1	0
ref	144059	144374	2416_2424	>2416>2424,>2416>2417>*>2423>2424	0,314/314	0
ref	144120	144122	2420_2417	>2417>2418>2420,>2417>2419>2420	1,1	0
ref	144303	144305	2423_2420	>2420>2421>2423,>2420>2422>2423	1,1	0
ref	143796	143798	2413_2416	>2413>2414>2416,>2413>2415>2416	1,1	0
ref	143622	143624	2410_2413	>2410>2411>2413,>2410>2412>2413	1,1	0
ref	143443	143445	2407_2410	>2407>2408>2410,>2407>2409>2410	1,1	0
ref	143206	143208	2404_2407	>2404>2405>2407,>2404>2406>2407	1,1	0
ref	143020	143022	2401_2404	>2401>2402>2404,>2401>2403>2404	1,1	0
ref	142860	142862	2398_2401	>2398>2399>2401,>2398>2400>2401	1,1	0
ref	142271	142724	2393_2398	>2393>2398,>2393>2394>*>2397>2398	0,452/452	0
ref	142435	142437	2394_2397	>2394>2395>2397,>2394>2396>2397	1,1	0
ref	142042	142044	2390_2393	>2390>2391>2393,>2390>2392>2393	1,1	0
ref	141826	141828	2387_2390	>2387>2388>2390,>2387>2389>2390	1,1	0
ref	141641	141643	2384_2387	>2384>2385>2387,>2384>2386>2387	1,1	0
ref	141345	141347	2381_2384	>2381>2382>2384,>2381>2383>2384	1,1	0
ref	141173	141175	2378_2381	>2378>2379>2381,>2378>2380>2381	1,1	0
ref	140972	140974	2375_2378	>2375>2376>2378,>2375>2377>2378	1,1	0
ref	140850	140852	2372_2375	>2372>2373>2375,>2372>2374>2375	1,1	0
ref	140588	140589	2370_2372	>2370>2372,>2370>2371>2372	0,171	0
ref	140330	140332	2367_2370	>2367>2368>2370,>2367>2369>2370	1,1	0
ref	140161	140163	2364_2367	>2364>2365>2367,>2364>2366>2367	1,1	0
ref	139909	139981	2362_2364	>2362>2364,>2362>2363>2364	0,71	0
ref	139629	139631	2359_2362	>2359>2360>2362,>2359>2361>2362	1,1	0
ref	139371	139373	2356_2359	>2356>2357>2359,>2356>2358>2359	1,1	0
ref	139100	139102	2353_2356	>2353>2354>2356,>2353>2355>2356	1,1	0
ref	137106	138974	2324_2353	>2324>2353,>2324>2325>*>2352>2353	0,1867/1867	0
ref	137371	137373	2328_2325	>2325>2326>2328,>2325>2327>2328	1,1	0
ref	137576	137578	2331_2328	>2328>2329>2331,>2328>2330>2331	1,1	0
ref	137843	137845	2334_2331	>2331>2332>2334,>2331>2333>2334	1,1	0
ref	138049	138051	2337_2334	>2334>2335>2337,>2334>2336>2337	1,1	0
ref	138223	138225	2340_2337	>2337>2338>2340,>2337>2339>2340	1,1	0
ref	138468	138470	2343_2340	>2340>2341>2343,>2340>2342>2343	1,1	0
ref	138662	138664	2346_2343	>2343>2344>2346,>2343>2345>2346	1,1	0
ref	138723	138725	2349_2346	>2346>2347>2349,>2346>2348>2349	1,1	0
ref	138776	138778	2352_2349	>2349>2350>2352,>2349>2351>2352	1,1	0
ref	136985	136986	2322_2324	>2322>2324,>2322>2323>2324	0,52	0
ref	136437	136849	2317_2322	>2317>2322,>2317>2318>*>2321>2322	0,411/411	0
ref	136671	136673	2318_2321	>2318>2319>2321,>2318>2320>2321	1,1	0
ref	136288	136290	2314_2317	>2314>2315>2317,>2314>2316>2317	1,1	0
ref	135920	136072	2312_2314	>2312>2314,>2312>2313>2314	0,151	0
ref	135793	135795	2309_2312	>2309>2310>2312,>2309>2311>2312	1,1	0
ref	135507	135509	2306_2309	>2306>2307>2309,>2306>2308>2309	1,1	0
ref	135213	135215	2303_2306	>2303>2304>2306,>2303>2305>2306	1,1	0
ref	135077	135079	2300_2303	>2300>2301>2303,>2300>2302>2303	1,1	0
ref	134848	134849	2298_2300	>2298>2300,>2298>2299>2300	0,169	0
ref	134619	134621	2295_2298	>2295>2296>2298,>2295>2297>2298	1,1	0
ref	134360	134362	2292_2295	>2292>2293>2295,>2292>2294>2295	1,1	0
ref	134118	134120	2289_2292	>2289>2290>2292,>2289>2291>2292	1,1	0
ref	133912	134041	2287_2289	>2287>2289,>2287>2288>2289	0,128	0
ref	133859	133861	2284_2287	>2284>2285>2287,>2284>2286>2287	1,1	0
ref	133593	133595	2281_2284	>2281>2282>2284,>2281>2283>2284	1,1	0
ref	133374	133376	2278_2281	>2278>2279>2281,>2278>2280>2281	1,1	0
ref	133185	133187	2275_2278	>2275>2276>2278,>2275>2277>2278	1,1	0
ref	133011	133013	2272_2275	>2272>2273>2275,>2272>2274>2275	1,1	0
ref	132888	132890	2269_2272	>2269>2270>2272,>2269>2271>2272	1,1	0
ref	132697	132699	2266_2269	>2266>2267>2269,>2266>2268>2269	1,1	0
ref	132550	132552	2263_2266	>2263>2264>2266,>2263>2265>2266	1,1	0
ref	132335	132337	2260_2263	>2260>2261>2263,>2260>2262>2263	1,1	0
ref	132155	132157	2257_2260	>2257>2258>2260,>2257>2259>2260	1,1	0
ref	131856	131858	2254_2257	>2254>2255>2257,>2254>2256>2257	1,1	0
ref	131770	131772	2251_2254	>2251>2252>2254,>2251>2253>2254	1,1	0
ref	131684	131686	2248_2251	>2248>2249>2251,>2248>2250>2251	1,1	0
ref	131387	131389	2245_2248	>2245>2246>2248,>2245>2247>2248	1,1	0
ref	131226	131227	2240_2245	>2240>2245,>2240>2241>*>2244>2245	0,213/213	0
ref	131226	131227	2241_2244	>2241>2242>2244,>2241>2243>2244	1,1	1
ref	131065	131067	2237_2240	>2237>2238>2240,>2237>2239>2240	1,1	0
ref	130769	130771	2234_2237	>2234>2235>2237,>2234>2236>2237	1,1	0
ref	130613	130615	2231_2234	>2231>2232>2234,>2231>2233>2234	1,1	0
ref	130459	130461	2228_2231	>2228>2229>2231,>2228>2230>2231	1,1	0
ref	130267	130268	2226_2228	>2226>2228,>2226>2227>2228	0,184	0
ref	130110	130112	2223_2226	>2223>2224>2226,>2223>2225>2226	1,1	0
ref	128439	130011	2200_2223	>2200>2223,>2200>2201>*>2222>2223	0,1571/1571	0
ref	129958	129960	2219_2222	>2219>2220>2222,>2219>2221>2222	1,1	0
ref	129664	129666	2216_2219	>2216>2217>2219,>2216>2218>2219	1,1	0
ref	129453	129455	2213_2216	>2213>2214>2216,>2213>2215>2216	1,1	0
ref	129166	129168	2210_2213	>2210>2211>2213,>2210>2212>2213	1,1	0
ref	129093	129095	2207_2210	>2207>2208>2210,>2207>2209>2210	1,1	0
ref	128909	128911	2204_2207	>2204>2205>2207,>2204>2206>2207	1,1	0
ref	128683	128685	2201_2204	>2201>2202>2204,>2201>2203>2204	1,1	0
ref	128231	128233	2197_2200	>2197>2198>2200,>2197>2199>2200	1,1	0
ref	127682	128023	2192_2197	>2192>2197,>2192>2193>*>2196>2197	0,340/340	0
ref	127866	127868	2193_2196	>2193>2194>2196,>2193>2195>2196	1,1	0
ref	127358	127596	2190_2192	>2190>2192,>2190>2191>2192	0,237	0
ref	127280	127282	2187_2190	>2187>2188>2190,>2187>2189>2190	1,1	0
ref	126705	127177	2182_2187	>2182>2187,>2182>2183>*>2186>2187	0,471/471	0
ref	126969	126971	2183_2186	>2183>2184>2186,>2183>2185>2186	1,1	0
ref	126389	126485	2180_2182	>2180>2182,>2180>2181>2182	0,95	0
ref	126231	126232	2172_2180	>2172>2180,>2172>2173>*>2179>2180	0,594/594	0
ref	126231	126232	2176_2179	>2176>2177>2179,>2176>2178>2179	1,1	1
ref	126231	126232	2173_2176	>2173>2174>2176,>2173>2175>2176	1,1	1
ref	125431	126112	2161_2172	>2161>2172,>2161>2162>*>2171>2172	0,680/680	0
ref	125982	125984	2168_2171	>2168>2169>2171,>2168>2170>2171	1,1	0
ref	125815	125817	2165_2168	>2165>2166>2168,>2165>2167>2168	1,1	0
ref	125682	125684	2162_2165	>2162>2163>2165,>2162>2164>2165	1,1	0
ref	125164	125166	2158_2161	>2158>2159>2161,>2158>2160>2161	1,1	0
ref	124795	125014	2153_2158	>2153>2158,>2153>2154>*>2157>2158	0,218/218	0
ref	124910	124912	2154_2157	>2154>2155>2157,>2154>2156>2157	1,1	0
ref	124557	124559	2150_2153	>2150>2151>2153,>2150>2152>2153	1,1	0
ref	124440	124442	2147_2150	>2147>2148>2150,>2147>2149>2150	1,1	0
ref	124185	124187	2144_2147	>2144>2145>2147,>2144>2146>2147	1,1	0
ref	123425	124036	2136_2144	>2136>2144,>2136>2137>*>2143>2144	0,610/610	0
ref	123760	123762	2140_2143	>2140>2141>2143,>2140>2142>2143	1,1	0
ref	123676	123678	2137_2140	>2137>2138>2140,>2137>2139>2140	1,1	0
ref	123226	123227	2134_2136	>2134>2136,>2134>2135>2136	0,181	0
ref	123024	123026	2131_2134	>2131>2132>2134,>2131>2133>2134	1,1	0
ref	122814	122816	2128_2131	>2128>2129>2131,>2128>2130>2131	1,1	0
ref	122548	122549	2111_2128	>2111>2128,>2111>2112>*>2127>2128	0,915/915	0
ref	122548	122549	2124_2127	>2124>2125>2127,>2124>2126>2127	1,1	1
ref	122548	122549	2121_2124	>2121>2122>2124,>2121>2123>2124	1,1	1
ref	122548	122549	2118_2121	>2118>2119>2121,>2118>2120>2121	1,1	1
ref	122548	122549	2115_2118	>2115>2116>2118,>2115>2117>2118	1,1	1
ref	122548	122549	2112_2115	>2112>2113>2115,>2112>2114>2115	1,1	1
ref	122388	122390	2108_2111	>2108>2109>2111,>2108>2110>2111	1,1	0
ref	122150	122152	2105_2108	>2105>2106>2108,>2105>2107>2108	1,1	0
ref	121874	121875	2079_2105	>2079>2105,>2079>2080>*>2104>2105	0,1768/1768	0
ref	121874	121875	2101_2104	>2101>2102>2104,>2101>2103>2104	1,1	1
ref	121874	121875	2098_2101	>2098>2099>2101,>2098>2100>2101	1,1	1
ref	121874	121875	2095_2098	>2095>2096>2098,>2095>2097>2098	1,1	1
ref	121874	121875	2092_2095	>2092>2093>2095,>2092>2094>2095	1,1	1
ref	121874	121875	2089_2092	>2089>2090>2092,>2089>2091>2092	1,1	1
ref	121874	121875	2086_2089	>2086>2087>2089,>2086>2088>2089	1,1	1
ref	121874	121875	2083_2086	>2083>2084>2086,>2083>2085>2086	1,1	1
ref	121874	121875	2080_2083	>2080>2081>2083,>2080>2082>2083	1,1	1
ref	121620	121622	2076_2079	>2076>2077>2079,>2076>2078>2079	1,1	0
ref	121550	121552	2073_2076	>2073>2074>2076,>2073>2075>2076	1,1	0
ref	121469	121471	2070_2073	>2070>2071>2073,>2070>2072>2073	1,1	0
ref	121365	121367	2067_2070	>2067>2068>2070,>2067>2069>2070	1,1	0
ref	121214	121216	2064_2067	>2064>2065>2067,>2064>2066>2067	1,1	0
ref	121122	121124	2061_2064	>2061>2062>2064,>2061>2063>2064	1,1	0
ref	120990	120992	2058_2061	>2058>2059>2061,>2058>2060>2061	1,1	0
ref	120718	120720	2055_2058	>2055>2056>2058,>2055>2057>2058	1,1	0
ref	120591	120593	2052_2055	>2052>2053>2055,>2052>2054>2055	1,1	0
ref	120328	120330	2049_2052	>2049>2050>2052,>2049>2051>2052	1,1	0
ref	119509	120249	2038_2049	>2038>2049,>2038>2039>*>2048>2049	0,739/739	0
ref	120016	120018	2045_2048	>2045>2046>2048,>2045>2047>2048	1,1	0
ref	119883	119885	2042_2045	>2042>2043>2045,>2042>2044>2045	1,1	0
ref	119691	119693	2039_2042	>2039>2040>2042,>2039>2041>2042	1,1	0
ref	119440	119442	2035_2038	>2035>2036>2038,>2035>2037>2038	1,1	0
ref	119231	119233	2032_2035	>2032>2033>2035,>2032>2034>2035	1,1	0
ref	119108	119109	2030_2032	>2030>2032,>2030>2031>2032	0,72	0
ref	118767	118925	2028_2030	>2028>2030,>2028>2029>2030	0,157	0
ref	118707	118709	2025_2028	>2025>2026>2028,>2025>2027>2028	1,1	0
ref	118642	118644	2022_2025	>2022>2023>2025,>2022>2024>2025	1,1	0
ref	118390	118392	2019_2022	>2019>2020>2022,>2019>2021>2022	1,1	0
ref	118280	118282	2016_2019	>2016>2017>2019,>2016>2018>2019	1,1	0
ref	118014	118016	2013_2016	>2013>2014>2016,>2013>2015>2016	1,1	0
ref	117434	117789	2008_2013	>2008>2013,>2008>2009>*>2012>2013	0,354/354	0
ref	117528	117530	2009_2012	>2009>2010>2012,>2009>2011>2012	1,1	0
ref	117292	117293	2000_2008	>2000>2008,>2000>2001>*>2007>2008	0,507/507	0
ref	117292	117293	2004_2007	>2004>2005>2007,>2004>2006>2007	1,1	1
ref	117292	117293	2001_2004	>2001>2002>2004,>2001>2003>2004	1,1	1
ref	117200	117202	1997_2000	>1997>1998>2000,>1997>1999>2000	1,1	0
ref	116974	116976	1994_1997	>1994>1995>1997,>1994>1996>1997	1,1	0
ref	116741	116743	1991_1994	>1991>1992>1994,>1991>1993>1994	1,1	0
ref	116590	116592	1988_1991	>1988>1989>1991,>1988>1990>1991	1,1	0
ref	116290	116292	1985_1988	>1985>1986>1988,>1985>1987>1988	1,1	0
ref	116047	116049	1982_1985	>1982>1983>1985,>1982>1984>1985	1,1	0
ref	115841	115843	1979_1982	>1979>1980>1982,>1979>1981>1982	1,1	0
ref	115745	115747	1976_1979	>1976>1977>1979,>1976>1978>1979	1,1	0
ref	115691	115693	1973_1976	>1973>1974>1976,>1973>1975>1976	1,1	0
ref	115462	115464	1970_1973	>1970>1971>1973,>1970>1972>1973	1,1	0
ref	115298	115300	1967_1970	>1967>1968>1970,>1967>1969>1970	1,1	0
ref	115219	115221	1964_1967	>1964>1965>1967,>1964>1966>1967	1,1	0
ref	115128	115130	1961_1964	>1961>1962>1964,>1961>1963>1964	1,1	0
ref	114856	114857	1959_1961	>1959>1961,>1959>1960>1961	0,175	0
ref	114784	114786	1956_1959	>1956>1957>1959,>1956>1958>1959	1,1	0
ref	114562	114564	1953_1956	>1953>1954>1956,>1953>1955>1956	1,1	0
ref	114404	114406	1950_1953	>1950>1951>1953,>1950>1952>1953	1,1	0
ref	114339	114340	1948_1950	>1948>1950,>1948>1949>1950	0,258	0
ref	114237	114239	1945_1948	>1945>1946>1948,>1945>1947>1948	1,1	0
ref	114045	114047	1942_1945	>1942>1943>1945,>1942>1944>1945	1,1	0
ref	113980	113982	1939_1942	>1939>1940>1942,>1939>1941>1942	1,1	0
ref	113719	113721	1936_1939	>1936>1937>1939,>1936>1938>1939	1,1	0
ref	113468	113470	1933_1936	>1933>1934>1936,>1933>1935>1936	1,1	0
ref	113174	113175	1925_1933	>1925>1933,>1925>1926>*>1932>1933	0,632/632	0
ref	113174	113175	1929_1932	>1929>1930>1932,>1929>1931>1932	1,1	1
ref	113174	113175	1926_1929	>1926>1927>1929,>1926>1928>1929	1,1	1
ref	112936	112938	1922_1925	>1922>1923>1925,>1922>1924>1925	1,1	0
ref	112858	112859	1902_1922	>1902>1922,>1902>1903>*>1921>1922	0,1055/1055	0
ref	112858	112859	1918_1921	>1918>1919>1921,>1918>1920>1921	1,1	1
ref	112858	112859	1915_1918	>1915>1916>1918,>1915>1917>1918	1,1	1
ref	112858	112859	1912_1915	>1912>1913>1915,>1912>1914>1915	1,1	1
ref	112858	112859	1909_1912	>1909>1910>1912,>1909>1911>1912	1,1	1
ref	112858	112859	1906_1909	>1906>1907>1909,>1906>1908>1909	1,1	1
ref	112858	112859	1903_1906	>1903>1904>1906,>1903>1905>1906	1,1	1
ref	112587	112589	1899_1902	>1899>1900>1902,>1899>1901>1902	1,1	0
ref	112371	112373	1896_1899	>1896>1897>1899,>1896>1898>1899	1,1	0
ref	112097	112099	1893_1896	>1893>1894>1896,>1893>1895>1896	1,1	0
ref	111928	111930	1890_1893	>1890>1891>1893,>1890>1892>1893	1,1	0
ref	111756	111758	1887_1890	>1887>1888>1890,>1887>1889>1890	1,1	0
ref	111358	111682	1882_1887	>1882>1887,>1882>1883>*>1886>1887	0,323/323	0
ref	111507	111509	1883_1886	>1883>1884>1886,>1883>1885>1886	1,1	0
ref	111174	111176	1879_1882	>1879>1880>1882,>1879>1881>1882	1,1	0
ref	110984	110985	1877_1879	>1877>1879,>1877>1878>1879	0,132	0
ref	110811	110813	1874_1877	>1874>1875>1877,>1874>1876>1877	1,1	0
ref	110531	110532	1854_1874	>1854>1874,>1854>1855>*>1873>1874	0,1310/1310	0
ref	110531	110532	1870_1873	>1870>1871>1873,>1870>1872>1873	1,1	1
ref	110531	110532	1867_1870	>1867>1868>1870,>1867>1869>1870	1,1	1
ref	110531	110532	1864_1867	>1864>1865>1867,>1864>1866>1867	1,1	1
ref	110531	110532	1861_1864	>1861>1862>1864,>1861>1863>1864	1,1	1
ref	110531	110532	1858_1861	>1858>1859>1861,>1858>1860>1861	1,1	1
ref	110531	110532	1855_1858	>1855>1856>1858,>1855>1857>1858	1,1	1
ref	110359	110361	1851_1854	>1851>1852>1854,>1851>1853>1854	1,1	0
ref	110109	110111	1848_1851	>1848>1849>1851,>1848>1850>1851	1,1	0
ref	109816	109818	1845_1848	>1845>1846>1848,>1845>1847>1848	1,1	0
ref	109652	109654	1842_1845	>1842>1843>1845,>1842>1844>1845	1,1	0
ref	109454	109456	1839_1842	>1839>1840>1842,>1839>1841>1842	1,1	0
ref	109241	109243	1836_1839	>1836>1837>1839,>1836>1838>1839	1,1	0
ref	109153	109155	1833_1836	>1833>1834>1836,>1833>1835>1836	1,1	0
ref	108924	108926	1830_1833	>1830>1831>1833,>1830>1832>1833	1,1	0
ref	108686	108688	1827_1830	>1827>1828>1830,>1827>1829>1830	1,1	0
ref	108430	108432	1824_1827	>1824>1825>1827,>1824>1826>1827	1,1	0
ref	108060	108277	1819_1824	>1819>1824,>1819>1820>*>1823>1824	0,216/216	0
ref	108175	108177	1820_1823	>1820>1821>1823,>1820>1822>1823	1,1	0
ref	107844	107846	1816_1819	>1816>1817>1819,>1816>1818>1819	1,1	0
ref	107710	107712	1813_1816	>1813>1814>1816,>1813>1815>1816	1,1	0
ref	107651	107653	1810_1813	>1810>1811>1813,>1810>1812>1813	1,1	0
ref	107525	107527	1807_1810	>1807>1808>1810,>1807>1809>1810	1,1	0
ref	107251	107253	1804_1807	>1804>1805>1807,>1804>1806>1807	1,1	0
ref	107192	107194	1801_1804	>1801>1802>1804,>1801>1803>1804	1,1	0
ref	107046	107048	1798_1801	>1798>1799>1801,>1798>1800>1801	1,1	0
ref	106862	106864	1795_1798	>1795>1796>1798,>1795>1797>1798	1,1	0
ref	106638	106640	1792_1795	>1792>1793>1795,>1792>1794>1795	1,1	0
ref	106545	106547	1789_1792	>1789>1790>1792,>1789>1791>1792	1,1	0
ref	106360	106362	1786_1789	>1786>1787>1789,>1786>1788>1789	1,1	0
ref	105860	106146	1781_1786	>1781>1786,>1781>1782>*>1785>1786	0,285/285	0
ref	105962	105964	1782_1785	>1782>1783>1785,>1782>1784>1785	1,1	0
ref	105764	105765	1776_1781	>1776>1781,>1776>1777>*>1780>1781	0,356/356	0
ref	105764	105765	1777_1780	>1777>1778>1780,>1777>1779>1780	1,1	1
ref	105698	105700	1773_1776	>1773>1774>1776,>1773>1775>1776	1,1	0
ref	105504	105505	1771_1773	>1771>1773,>1771>1772>1773	0,140	0
ref	105203	105205	1768_1771	>1768>1769>1771,>1768>1770>1771	1,1	0
ref	104949	104951	1765_1768	>1765>1766>1768,>1765>1767>1768	1,1	0
ref	104703	104705	1762_1765	>1762>1763>1765,>1762>1764>1765	1,1	0
ref	104523	104524	1760_1762	>1760>1762,>1760>1761>1762	0,282	0
ref	104288	104290	1757_1760	>1757>1758>1760,>1757>1759>1760	1,1	0
ref	104019	104021	1754_1757	>1754>1755>1757,>1754>1756>1757	1,1	0
ref	103752	103754	1751_1754	>1751>1752>1754,>1751>1753>1754	1,1	0
ref	103487	103489	1748_1751	>1748>1749>1751,>1748>1750>1751	1,1	0
ref	103288	103289	1746_1748	>1746>1748,>1746>1747>1748	0,195	0
ref	103047	103049	1743_1746	>1743>1744>1746,>1743>1745>1746	1,1	0
ref	100949	102868	1708_1743	>1708>1743,>1708>1709>*>1742>1743	0,1918/1918	0
ref	102649	102651	1739_1742	>1739>1740>1742,>1739>1741>1742	1,1	0
ref	102479	102481	1736_1739	>1736>1737>1739,>1736>1738>1739	1,1	0
ref	102270	102272	1733_1736	>1733>1734>1736,>1733>1735>1736	1,1	0
ref	102083	102085	1730_1733	>1730>1731>1733,>1730>1732>1733	1,1	0
ref	101966	101968	1727_1730	>1727>1728>1730,>1727>1729>1730	1,1	0
ref	101719	101721	1724_1727	>1724>1725>1727,>1724>1726>1727	1,1	0
ref	101642	101644	1721_1724	>1721>1722>1724,>1721>1723>1724	1,1	0
ref	101521	101523	1718_1721	>1718>1719>1721,>1718>1720>1721	1,1	0
ref	101327	101329	1715_1718	>1715>1716>1718,>1715>1717>1718	1,1	0
ref	101100	101102	1712_1715	>1712>1713>1715,>1712>1714>1715	1,1	0
ref	101011	101013	1709_1712	>1709>1710>1712,>1709>1711>1712	1,1	0
ref	100749	100751	1705_1708	>1705>1706>1708,>1705>1707>1708	1,1	0
ref	100607	100609	1702_1705	>1702>1703>1705,>1702>1704>1705	1,1	0
ref	100476	100478	1699_1702	>1699>1700>1702,>1699>1701>1702	1,1	0
ref	100372	100374	1696_1699	>1696>1697>1699,>1696>1698>1699	1,1	0
ref	99889	100154	1694_1696	>1694>1696,>1694>1695>1696	0,264	0
ref	99604	99606	1691_1694	>1691>1692>1694,>1691>1693>1694	1,1	0
ref	98391	99549	1674_1691	>1674>1691,>1674>1675>*>1690>1691	0,1157/1157	0
ref	99456	99458	1687_1690	>1687>1688>1690,>1687>1689>1690	1,1	0
ref	99266	99268	1684_1687	>1684>1685>1687,>1684>1686>1687	1,1	0
ref	99008	99010	1681_1684	>1681>1682>1684,>1681>1683>1684	1,1	0
ref	98765	98767	1678_1681	>1678>1679>1681,>1678>1680>1681	1,1	0
ref	98530	98532	1675_1678	>1675>1676>1678,>1675>1677>1678	1,1	0
ref	98108	98110	1671_1674	>1671>1672>1674,>1671>1673>1674	1,1	0
ref	97864	97866	1668_1671	>1668>1669>1671,>1668>1670>1671	1,1	0
ref	97530	97610	1666_1668	>1666>1668,>1666>1667>1668	0,79	0
ref	97111	97291	1661_1666	>1661>1666,>1661>1662>*>1665>1666	0,179/179	0
ref	97187	97189	1662_1665	>1662>1663>1665,>1662>1664>1665	1,1	0
ref	96864	96998	1659_1661	>1659>1661,>1659>1660>1661	0,133	0
ref	96686	96688	1656_1659	>1656>1657>1659,>1656>1658>1659	1,1	0
ref	96310	96503	1654_1656	>1654>1656,>1654>1655>1656	0,192	0
ref	96249	96251	1651_1654	>1651>1652>1654,>1651>1653>1654	1,1	0
ref	95948	95950	1648_1651	>1648>1649>1651,>1648>1650>1651	1,1	0
ref	95710	95712	1645_1648	>1645>1646>1648,>1645>1647>1648	1,1	0
ref	95498	95500	1642_1645	>1642>1643>1645,>1642>1644>1645	1,1	0
ref	95356	95358	1639_1642	>1639>1640>1642,>1639>1641>1642	1,1	0
ref	94603	95303	1628_1639	>1628>1639,>1628>1629>*>1638>1639	0,699/699	0
ref	95146	95148	1635_1638	>1635>1636>1638,>1635>1637>1638	1,1	0
ref	94967	94969	1632_1635	>1632>1633>1635,>1632>1634>1635	1,1	0
ref	94671	94673	1629_1632	>1629>1630>1632,>1629>1631>1632	1,1	0
ref	93711	94524	1617_1628	>1617>1628,>1617>1618>*>1627>1628	0,812/812	0
ref	94423	94425	1624_1627	>1624>1625>1627,>1624>1626>1627	1,1	0
ref	94269	94271	1621_1624	>1621>1622>1624,>1621>1623>1624	1,1	0
ref	93975	93977	1618_1621	>1618>1619>1621,>1618>1620>1621	1,1	0
ref	93422	93424	1614_1617	>1614>1615>1617,>1614>1616>1617	1,1	0
ref	93259	93261	1611_1614	>1611>1612>1614,>1611>1613>1614	1,1	0
ref	93087	93089	1608_1611	>1608>1609>1611,>1608>1610>1611	1,1	0
ref	92935	92937	1605_1608	>1605>1606>1608,>1605>1607>1608	1,1	0
ref	92716	92717	1603_1605	>1603>1605,>1603>1604>1605	0,268	0
ref	92447	92448	1601_1603	>1601>1603,>1601>1602>1603	0,288	0
ref	92336	92338	1598_1601	>1598>1599>1601,>1598>1600>1601	1,1	0
ref	92264	92266	1595_1598	>1595>1596>1598,>1595>1597>1598	1,1	0
ref	92209	92211	1592_1595	>1592>1593>1595,>1592>1594>1595	1,1	0
ref	92011	92012	1590_1592	>1590>1592,>1590>1591>1592	0,83	0
ref	91926	91928	1587_1590	>1587>1588>1590,>1587>1589>1590	1,1	0
ref	91661	91663	1584_1587	>1584>1585>1587,>1584>1586>1587	1,1	0
ref	91607	91609	1581_1584	>1581>1582>1584,>1581>1583>1584	1,1	0
ref	91311	91313	1578_1581	>1578>1579>1581,>1578>1580>1581	1,1	0
ref	89414	91177	1549_1578	>1549>1578,>1549>1550>*>1577>1578	0,1762/1762	0
ref	91062	91064	1574_1577	>1574>1575>1577,>1574>1576>1577	1,1	0
ref	90887	90889	1571_1574	>1571>1572>1574,>1571>1573>1574	1,1	0
ref	90796	90798	1568_1571	>1568>1569>1571,>1568>1570>1571	1,1	0
ref	90632	90634	1565_1568	>1565>1566>1568,>1565>1567>1568	1,1	0
ref	90386	90388	1562_1565	>1562>1563>1565,>1562>1564>1565	1,1	0
ref	90214	90216	1559_1562	>1559>1560>1562,>1559>1561>1562	1,1	0
ref	89964	89966	1556_1559	>1556>1557>1559,>1556>1558>1559	1,1	0
ref	89843	89845	1553_1556	>1553>1554>1556,>1553>1555>1556	1,1	0
ref	89636	89638	1550_1553	>1550>1551>1553,>1550>1552>1553	1,1	0
ref	89343	89345	1546_1549	>1546>1547>1549,>1546>1548>1549	1,1	0
ref	89148	89150	1543_1546	>1543>1544>1546,>1543>1545>1546	1,1	0
ref	88989	88991	1540_1543	>1540>1541>1543,>1540>1542>1543	1,1	0
ref	88820	88822	1537_1540	>1537>1538>1540,>1537>1539>1540	1,1	0
ref	88603	88605	1534_1537	>1534>1535>1537,>1534>1536>1537	1,1	0
ref	88513	88515	1531_1534	>1531>1532>1534,>1531>1533>1534	1,1	0
ref	88358	88359	1520_1531	>1520>1531,>1520>1521>*>1530>1531	0,833/833	0
ref	88358	88359	1527_1530	>1527>1528>1530,>1527>1529>1530	1,1	1
ref	88358	88359	1524_1527	>1524>1525>1527,>1524>1526>1527	1,1	1
ref	88358	88359	1521_1524	>1521>1522>1524,>1521>1523>1524	1,1	1
ref	88230	88231	1518_1520	>1518>1520,>1518>1519>1520	0,104	0
ref	88091	88093	1515_1518	>1515>1516>1518,>1515>1517>1518	1,1	0
ref	87853	87855	1512_1515	>1512>1513>1515,>1512>1514>1515	1,1	0
ref	87773	87775	1509_1512	>1509>1510>1512,>1509>1511>1512	1,1	0
ref	87477	87479	1506_1509	>1506>1507>1509,>1506>1508>1509	1,1	0
ref	87125	87288	1504_1506	>1504>1506,>1504>1505>1506	0,162	0
ref	86908	86910	1501_1504	>1501>1502>1504,>1501>1503>1504	1,1	0
ref	86741	86743	1498_1501	>1498>1499>1501,>1498>1500>1501	1,1	0
ref	86519	86521	1495_1498	>1495>1496>1498,>1495>1497>1498	1,1	0
ref	86271	86273	1492_1495	>1492>1493>1495,>1492>1494>1495	1,1	0
ref	86014	86016	1489_1492	>1489>1490>1492,>1489>1491>1492	1,1	0
ref	85893	85895	1486_1489	>1486>1487>1489,>1486>1488>1489	1,1	0
ref	85726	85728	1483_1486	>1483>1484>1486,>1483>1485>1486	1,1	0
ref	85453	85455	1480_1483	>1480>1481>1483,>1480>1482>1483	1,1	0
ref	85231	85232	1475_1480	>1475>1480,>1475>1476>*>1479>1480	0,184/184	0
ref	85231	85232	1476_1479	>1476>1477>1479,>1476>1478>1479	1,1	1
ref	84959	84961	1472_1475	>1472>1473>1475,>1472>1474>1475	1,1	0
ref	84765	84767	1469_1472	>1469>1470>1472,>1469>1471>1472	1,1	0
ref	84562	84564	1466_1469	>1466>1467>1469,>1466>1468>1469	1,1	0
ref	83852	84410	1458_1466	>1458>1466,>1458>1459>*>1465>1466	0,557/557	0
ref	84161	84163	1462_1465	>1462>1463>1465,>1462>1464>1465	1,1	0
ref	84016	84018	1459_1462	>1459>1460>1462,>1459>1461>1462	1,1	0
ref	82314	83587	1438_1458	>1438>1458,>1438>1439>*>1457>1458	0,1272/1272	0
ref	83495	83497	1454_1457	>1454>1455>1457,>1454>1456>1457	1,1	0
ref	83372	83374	1451_1454	>1451>1452>1454,>1451>1453>1454	1,1	0
ref	83119	83121	1448_1451	>1448>1449>1451,>1448>1450>1451	1,1	0
ref	83049	83051	1445_1448	>1445>1446>1448,>1445>1447>1448	1,1	0
ref	82803	82805	1442_1445	>1442>1443>1445,>1442>1444>1445	1,1	0
ref	82575	82577	1439_1442	>1439>1440>1442,>1439>1441>1442	1,1	0
ref	82066	82067	1427_1438	>1427>1438,>1427>1428>*>1437>1438	0,722/722	0
ref	82066	82067	1434_1437	>1434>1435>1437,>1434>1436>1437	1,1	1
ref	82066	82067	1431_1434	>1431>1432>1434,>1431>1433>1434	1,1	1
ref	82066	82067	1428_1431	>1428>1429>1431,>1428>1430>1431	1,1	1
ref	81777	81779	1424_1427	>1424>1425>1427,>1424>1426>1427	1,1	0
ref	81590	81592	1421_1424	>1421>1422>1424,>1421>1423>1424	1,1	0
ref	81436	81438	1418_1421	>1418>1419>1421,>1418>1420>1421	1,1	0
ref	81220	81222	1415_1418	>1415>1416>1418,>1415>1417>1418	1,1	0
ref	81034	81036	1412_1415	>1412>1413>1415,>1412>1414>1415	1,1	0
ref	80962	80964	1409_1412	>1409>1410>1412,>1409>1411>1412	1,1	0
ref	80786	80788	1406_1409	>1406>1407>1409,>1406>1408>1409	1,1	0
ref	80487	80489	1403_1406	>1403>1404>1406,>1403>1405>1406	1,1	0
ref	80316	80318	1400_1403	>1400>1401>1403,>1400>1402>1403	1,1	0
ref	80087	80089	1397_1400	>1397>1398>1400,>1397>1399>1400	1,1	0
ref	79852	79854	1394_1397	>1394>1395>1397,>1394>1396>1397	1,1	0
ref	79729	79731	1391_1394	>1391>1392>1394,>1391>1393>1394	1,1	0
ref	78218	79528	1371_1391	>1371>1391,>1371>1372>*>1390>1391	0,1309/1309	0
ref	79260	79262	1387_1390	>1387>1388>1390,>1387>1389>1390	1,1	0
ref	78981	78983	1384_1387	>1384>1385>1387,>1384>1386>1387	1,1	0
ref	78777	78779	1381_1384	>1381>1382>1384,>1381>1383>1384	1,1	0
ref	78687	78689	1378_1381	>1378>1379>1381,>1378>1380>1381	1,1	0
ref	78578	78580	1375_1378	>1375>1376>1378,>1375>1377>1378	1,1	0
ref	78294	78296	1372_1375	>1372>1373>1375,>1372>1374>1375	1,1	0
ref	78095	78097	1368_1371	>1368>1369>1371,>1368>1370>1371	1,1	0
ref	77835	77837	1365_1368	>1365>1366>1368,>1365>1367>1368	1,1	0
ref	77630	77632	1362_1365	>1362>1363>1365,>1362>1364>1365	1,1	0
ref	77506	77508	1359_1362	>1359>1360>1362,>1359>1361>1362	1,1	0
ref	77356	77358	1356_1359	>1356>1357>1359,>1356>1358>1359	1,1	0
ref	77077	77079	1353_1356	>1353>1354>1356,>1353>1355>1356	1,1	0
ref	76937	76939	1350_1353	>1350>1351>1353,>1350>1352>1353	1,1	0
ref	76662	76664	1347_1350	>1347>1348>1350,>1347>1349>1350	1,1	0
ref	76581	76583	1344_1347	>1344>1345>1347,>1344>1346>1347	1,1	0
ref	76415	76417	1341_1344	>1341>1342>1344,>1341>1343>1344	1,1	0
ref	76131	76133	1338_1341	>1338>1339>1341,>1338>1340>1341	1,1	0
ref	76019	76020	1336_1338	>1336>1338,>1336>1337>1338	0,143	0
ref	75945	75947	1333_1336	>1333>1334>1336,>1333>1335>1336	1,1	0
ref	75754	75755	1322_1333	>1322>1333,>1322>1323>*>1332>1333	0,804/804	0
ref	75754	75755	1326_1323	>1323>1324>1326,>1323>1325>1326	1,1	1
ref	75754	75755	1329_1326	>1326>1327>1329,>1326>1328>1329	1,1	1
ref	75754	75755	1332_1329	>1329>1330>1332,>1329>1331>1332	1,1	1
ref	75508	75510	1319_1322	>1319>1320>1322,>1319>1321>1322	1,1	0
ref	75262	75264	1316_1319	>1316>1317>1319,>1316>1318>1319	1,1	0
ref	73729	75080	1296_1316	>1296>1316,>1296>1297>*>1315>1316	0,1350/1350	0
ref	73855	73857	1300_1297	>1297>1298>1300,>1297>1299>1300	1,1	0
ref	74091	74093	1303_1300	>1300>1301>1303,>1300>1302>1303	1,1	0
ref	74170	74172	1306_1303	>1303>1304>1306,>1303>1305>1306	1,1	0
ref	74381	74383	1309_1306	>1306>1307>1309,>1306>1308>1309	1,1	0
ref	74571	74573	1312_1309	>1309>1310>1312,>1309>1311>1312	1,1	0
ref	74813	74815	1315_1312	>1312>1313>1315,>1312>1314>1315	1,1	0
ref	73532	73534	1293_1296	>1293>1294>1296,>1293>1295>1296	1,1	0
ref	73375	73377	1290_1293	>1290>1291>1293,>1290>1292>1293	1,1	0
ref	72996	73254	1285_1290	>1285>1290,>1285>1286>*>1289>1290	0,257/257	0
ref	73197	73199	1286_1289	>1286>1287>1289,>1286>1288>1289	1,1	0
ref	72849	72851	1282_1285	>1282>1283>1285,>1282>1284>1285	1,1	0
ref	72797	72799	1279_1282	>1279>1280>1282,>1279>1281>1282	1,1	0
ref	72670	72671	1277_1279	>1277>1279,>1277>1278>1279	0,244	0
ref	72437	72439	1274_1277	>1274>1275>1277,>1274>1276>1277	1,1	0
ref	72241	72243	1271_1274	>1271>1272>1274,>1271>1273>1274	1,1	0
ref	71993	71995	1268_1271	>1268>1269>1271,>1268>1270>1271	1,1	0
ref	71938	71940	1265_1268	>1265>1266>1268,>1265>1267>1268	1,1	0
ref	71756	71758	1262_1265	>1262>1263>1265,>1262>1264>1265	1,1	0
ref	71612	71692	1260_1262	>1260>1262,>1260>1261>1262	0,79	0
ref	71533	71535	1257_1260	>1257>1258>1260,>1257>1259>1260	1,1	0
ref	71386	71388	1254_1257	>1254>1255>1257,>1254>1256>1257	1,1	0
ref	71333	71335	1251_1254	>1251>1252>1254,>1251>1253>1254	1,1	0
ref	71234	71236	1248_1251	>1248>1249>1251,>1248>1250>1251	1,1	0
ref	71099	71101	1245_1248	>1245>1246>1248,>1245>1247>1248	1,1	0
ref	70663	70873	1243_1245	>1243>1245,>1243>1244>1245	0,209	0
ref	70391	70393	1240_1243	>1240>1241>1243,>1240>1242>1243	1,1	0
ref	70170	70172	1237_1240	>1237>1238>1240,>1237>1239>1240	1,1	0
ref	70115	70117	1234_1237	>1234>1235>1237,>1234>1236>1237	1,1	0
ref	69980	69982	1231_1234	>1231>1232>1234,>1231>1233>1234	1,1	0
ref	68511	69722	1217_1231	>1217>1231,>1217>1218>*>1230>1231	0,1210/1210	0
ref	69534	69536	1227_1230	>1227>1228>1230,>1227>1229>1230	1,1	0
ref	69271	69273	1224_1227	>1224>1225>1227,>1224>1226>1227	1,1	0
ref	69001	69003	1221_1224	>1221>1222>1224,>1221>1223>1224	1,1	0
ref	68804	68806	1218_1221	>1218>1219>1221,>1218>1220>1221	1,1	0
ref	68359	68361	1214_1217	>1214>1215>1217,>1214>1216>1217	1,1	0
ref	68109	68111	1211_1214	>1211>1212>1214,>1211>1213>1214	1,1	0
ref	67873	67875	1208_1211	>1208>1209>1211,>1208>1210>1211	1,1	0
ref	67594	67596	1205_1208	>1205>1206>1208,>1205>1207>1208	1,1	0
ref	67411	67412	1200_1205	>1200>1205,>1200>1201>*>1204>1205	0,320/320	0
ref	67411	67412	1201_1204	>1201>1202>1204,>1201>1203>1204	1,1	1
ref	67244	67246	1197_1200	>1197>1198>1200,>1197>1199>1200	1,1	0
ref	67177	67178	1171_1197	>1171>1197,>1171>1172>*>1196>1197	0,1432/1432	0
ref	67177	67178	1193_1196	>1193>1194>1196,>1193>1195>1196	1,1	1
ref	67177	67178	1190_1193	>1190>1191>1193,>1190>1192>1193	1,1	1
ref	67177	67178	1187_1190	>1187>1188>1190,>1187>1189>1190	1,1	1
ref	67177	67178	1184_1187	>1184>1185>1187,>1184>1186>1187	1,1	1
ref	67177	67178	1181_1184	>1181>1182>1184,>1181>1183>1184	1,1	1
ref	67177	67178	1178_1181	>1178>1179>1181,>1178>1180>1181	1,1	1
ref	67177	67178	1175_1178	>1175>1176>1178,>1175>1177>1178	1,1	1
ref	67177	67178	1172_1175	>1172>1173>1175,>1172>1174>1175	1,1	1
ref	67032	67034	1168_1171	>1168>1169>1171,>1168>1170>1171	1,1	0
ref	66980	66982	1165_1168	>1165>1166>1168,>1165>1167>1168	1,1	0
ref	66850	66852	1162_1165	>1162>1163>1165,>1162>1164>1165	1,1	0
ref	66785	66787	1159_1162	>1159>1160>1162,>1159>1161>1162	1,1	0
ref	66663	66665	1156_1159	>1156>1157>1159,>1156>1158>1159	1,1	0
ref	66572	66574	1153_1156	>1153>1154>1156,>1153>1155>1156	1,1	0
ref	66376	66378	1150_1153	>1150>1151>1153,>1150>1152>1153	1,1	0
ref	66154	66156	1147_1150	>1147>1148>1150,>1147>1149>1150	1,1	0
ref	66100	66102	1144_1147	>1144>1145>1147,>1144>1146>1147	1,1	0
ref	66018	66020	1141_1144	>1141>1142>1144,>1141>1143>1144	1,1	0
ref	65678	65768	1139_1141	>1139>1141,>1139>1140>1141	0,89	0
ref	65400	65402	1136_1139	>1136>1137>1139,>1136>1138>1139	1,1	0
ref	65192	65194	1133_1136	>1133>1134>1136,>1133>1135>1136	1,1	0
ref	64984	64985	1131_1133	>1131>1133,>1131>1132>1133	0,107	0
ref	64729	64731	1128_1131	>1128>1129>1131,>1128>1130>1131	1,1	0
ref	64543	64544	1126_1128	>1126>1128,>1126>1127>1128	0,141	0
ref	64377	64379	1123_1126	>1123>1124>1126,>1123>1125>1126	1,1	0
ref	64264	64266	1120_1123	>1120>1121>1123,>1120>1122>1123	1,1	0
ref	64041	64043	1117_1120	>1117>1118>1120,>1117>1119>1120	1,1	0
ref	63931	63933	1114_1117	>1114>1115>1117,>1114>1116>1117	1,1	0
ref	63649	63651	1111_1114	>1111>1112>1114,>1111>1113>1114	1,1	0
ref	63453	63455	1108_1111	>1108>1109>1111,>1108>1110>1111	1,1	0
ref	63348	63350	1105_1108	>1105>1106>1108,>1105>1107>1108	1,1	0
ref	63047	63049	1102_1105	>1102>1103>1105,>1102>1104>1105	1,1	0
ref	62058	62759	1094_1102	>1094>1102,>1094>1095>*>1101>1102	0,700/700	0
ref	62581	62583	1098_1101	>1098>1099>1101,>1098>1100>1101	1,1	0
ref	62336	62338	1095_1098	>1095>1096>1098,>1095>1097>1098	1,1	0
ref	61882	61883	1092_1094	>1092>1094,>1092>1093>1094	0,207	0
ref	61775	61776	1090_1092	>1090>1092,>1090>1091>1092	0,276	0
ref	61538	61540	1087_1090	>1087>1088>1090,>1087>1089>1090	1,1	0
ref	61298	61300	1084_1087	>1084>1085>1087,>1084>1086>1087	1,1	0
ref	61178	61180	1081_1084	>1081>1082>1084,>1081>1083>1084	1,1	0
ref	61043	61045	1078_1081	>1078>1079>1081,>1078>1080>1081	1,1	0
ref	60076	60793	1067_1078	>1067>1078,>1067>1068>*>1077>1078	0,716/716	0
ref	60656	60658	1074_1077	>1074>1075>1077,>1074>1076>1077	1,1	0
ref	60566	60568	1071_1074	>1071>1072>1074,>1071>1073>1074	1,1	0
ref	60346	60348	1068_1071	>1068>1069>1071,>1068>1070>1071	1,1	0
ref	59775	59777	1064_1067	>1064>1065>1067,>1064>1066>1067	1,1	0
ref	59561	59562	1062_1064	>1062>1064,>1062>1063>1064	0,247	0
ref	59506	59508	1059_1062	>1059>1060>1062,>1059>1061>1062	1,1	0
ref	59414	59416	1056_1059	>1056>1057>1059,>1056>1058>1059	1,1	0
ref	59336	59338	1053_1056	>1053>1054>1056,>1053>1055>1056	1,1	0
ref	59201	59203	1050_1053	>1050>1051>1053,>1050>1052>1053	1,1	0
ref	58955	58957	1047_1050	>1047>1048>1050,>1047>1049>1050	1,1	0
ref	58707	58709	1044_1047	>1044>1045>1047,>1044>1046>1047	1,1	0
ref	58642	58644	1041_1044	>1041>1042>1044,>1041>1043>1044	1,1	0
ref	58522	58524	1038_1041	>1038>1039>1041,>1038>1040>1041	1,1	0
ref	58303	58305	1035_1038	>1035>1036>1038,>1035>1037>1038	1,1	0
ref	58190	58192	1032_1035	>1032>1033>1035,>1032>1034>1035	1,1	0
ref	58132	58134	1029_1032	>1029>1030>1032,>1029>1031>1032	1,1	0
ref	57759	57864	1027_1029	>1027>1029,>1027>1028>1029	0,104	0
ref	57512	57647	1025_1027	>1025>1027,>1025>1026>1027	0,134	0
ref	57263	57265	1022_1025	>1022>1023>1025,>1022>1024>1025	1,1	0
ref	57116	57118	1019_1022	>1019>1020>1022,>1019>1021>1022	1,1	0
ref	56934	56936	1016_1019	>1016>1017>1019,>1016>1018>1019	1,1	0
ref	56655	56657	1013_1016	>1013>1014>1016,>1013>1015>1016	1,1	0
ref	56455	56457	1010_1013	>1010>1011>1013,>1010>1012>1013	1,1	0
ref	56169	56171	1007_1010	>1007>1008>1010,>1007>1009>1010	1,1	0
ref	56034	56036	1004_1007	>1004>1005>1007,>1004>1006>1007	1,1	0
ref	55818	55819	1002_1004	>1002>1004,>1002>1003>1004	0,298	0
ref	54631	55700	979_1002	>979>1002,>979>980>*>1001>1002	0,1068/1068	0
ref	55591	55593	998_1001	>998>999>1001,>998>1000>1001	1,1	0
ref	55366	55368	995_998	>995>996>998,>995>997>998	1,1	0
ref	55278	55280	992_995	>992>993>995,>992>994>995	1,1	0
ref	55030	55032	989_992	>989>990>992,>989>991>992	1,1	0
ref	54963	54965	986_989	>986>987>989,>986>988>989	1,1	0
ref	54908	54910	983_986	>983>984>986,>983>985>986	1,1	0
ref	54737	54739	980_983	>980>981>983,>980>982>983	1,1	0
ref	54127	54439	974_979	>974>979,>974>975>*>978>979	0,311/311	0
ref	54265	54267	975_978	>975>976>978,>975>977>978	1,1	0
ref	54071	54073	971_974	>971>972>974,>971>973>974	1,1	0
ref	52394	54001	945_971	>945>971,>945>946>*>970>971	0,1606/1606	0
ref	52580	52582	949_946	>946>947>949,>946>948>949	1,1	0
ref	52645	52647	952_949	>949>950>952,>949>951>952	1,1	0
ref	52916	52918	955_952	>952>953>955,>952>954>955	1,1	0
ref	53017	53019	958_955	>955>956>958,>955>957>958	1,1	0
ref	53291	53293	961_958	>958>959>961,>958>960>961	1,1	0
ref	53468	53470	964_961	>961>962>964,>961>963>964	1,1	0
ref	53757	53759	967_964	>964>965>967,>964>966>967	1,1	0
ref	53834	53836	970_967	>967>968>970,>967>969>970	1,1	0
ref	52188	52190	942_945	>942>943>945,>942>944>945	1,1	0
ref	51914	51916	939_942	>939>940>942,>939>941>942	1,1	0
ref	50932	51821	928_939	>928>939,>928>929>*>938>939	0,888/888	0
ref	51534	51536	935_938	>935>936>938,>935>937>938	1,1	0
ref	51377	51379	932_935	>932>933>935,>932>934>935	1,1	0
ref	51106	51108	929_932	>929>930>932,>929>931>932	1,1	0
ref	50772	50773	920_928	>920>928,>920>921>*>927>928	0,683/683	0
ref	50772	50773	924_927	>924>925>927,>924>926>927	1,1	1
ref	50772	50773	921_924	>921>922>924,>921>923>924	1,1	1
ref	50701	50703	917_920	>917>918>920,>917>919>920	1,1	0
ref	50512	50514	914_917	>914>915>917,>914>916>917	1,1	0
ref	50311	50313	911_914	>911>912>914,>911>913>914	1,1	0
ref	50232	50234	908_911	>908>909>911,>908>910>911	1,1	0
ref	50017	50109	906_908	>906>908,>906>907>908	0,91	0
ref	49753	49755	903_906	>903>904>906,>903>905>906	1,1	0
ref	49622	49624	900_903	>900>901>903,>900>902>903	1,1	0
ref	49465	49467	897_900	>897>898>900,>897>899>900	1,1	0
ref	49185	49187	894_897	>894>895>897,>894>896>897	1,1	0
ref	48936	48938	891_894	>891>892>894,>891>893>894	1,1	0
ref	48529	48798	886_891	>886>891,>886>887>*>890>891	0,268/268	0
ref	48690	48692	887_890	>887>888>890,>887>889>890	1,1	0
ref	48448	48450	883_886	>883>884>886,>883>885>886	1,1	0
ref	48353	48354	881_883	>881>883,>881>882>883	0,88	0
ref	48285	48287	878_881	>878>879>881,>878>880>881	1,1	0
ref	48008	48009	876_878	>876>878,>876>877>878	0,281	0
ref	47756	47758	873_876	>873>874>876,>873>875>876	1,1	0
ref	47575	47577	870_873	>870>871>873,>870>872>873	1,1	0
ref	47428	47429	865_870	>865>870,>865>866>*>869>870	0,293/293	0
ref	47428	47429	866_869	>866>867>869,>866>868>869	1,1	1
ref	47325	47326	863_865	>863>865,>863>864>865	0,146	0
ref	47158	47160	860_863	>860>861>863,>860>862>863	1,1	0
ref	46886	46887	858_860	>858>860,>858>859>860	0,248	0
ref	46384	46666	856_858	>856>858,>856>857>858	0,281	0
ref	46223	46225	853_856	>853>854>856,>853>855>856	1,1	0
ref	45923	45925	850_853	>850>851>853,>850>852>853	1,1	0
ref	45814	45816	847_850	>847>848>850,>847>849>850	1,1	0
ref	45701	45703	844_847	>844>845>847,>844>846>847	1,1	0
ref	45451	45453	841_844	>841>842>844,>841>843>844	1,1	0
ref	45154	45155	839_841	>839>841,>839>840>841	0,64	0
ref	45016	45018	836_839	>836>837>839,>836>838>839	1,1	0
ref	44763	44765	833_836	>833>834>836,>833>835>836	1,1	0
ref	44369	44477	831_833	>831>833,>831>832>833	0,107	0
ref	44099	44101	828_831	>828>829>831,>828>830>831	1,1	0
ref	43815	43817	825_828	>825>826>828,>825>827>828	1,1	0
ref	43701	43702	823_825	>823>825,>823>824>825	0,162	0
ref	43510	43512	820_823	>820>821>823,>820>822>823	1,1	0
ref	43319	43321	817_820	>817>818>820,>817>819>820	1,1	0
ref	43070	43072	814_817	>814>815>817,>814>816>817	1,1	0
ref	42816	42818	811_814	>811>812>814,>811>813>814	1,1	0
ref	42759	42761	808_811	>808>809>811,>808>810>811	1,1	0
ref	42613	42615	805_808	>805>806>808,>805>807>808	1,1	0
ref	42443	42444	782_805	>782>805,>782>783>*>804>805	0,1123/1123	0
ref	42443	42444	801_804	>801>802>804,>801>803>804	1,1	1
ref	42443	42444	798_801	>798>799>801,>798>800>801	1,1	1
ref	42443	42444	795_798	>795>796>798,>795>797>798	1,1	1
ref	42443	42444	792_795	>792>793>795,>792>794>795	1,1	1
ref	42443	42444	789_792	>789>790>792,>789>791>792	1,1	1
ref	42443	42444	786_789	>786>787>789,>786>788>789	1,1	1
ref	42443	42444	783_786	>783>784>786,>783>785>786	1,1	1
ref	42218	42220	779_782	>779>780>782,>779>781>782	1,1	0
ref	42151	42153	776_779	>776>777>779,>776>778>779	1,1	0
ref	41995	41996	768_776	>768>776,>768>769>*>775>776	0,616/616	0
ref	41995	41996	772_769	>769>770>772,>769>771>772	1,1	1
ref	41995	41996	775_772	>772>773>775,>772>774>775	1,1	1
ref	41798	41800	765_768	>765>766>768,>765>767>768	1,1	0
ref	41661	41662	730_765	>730>765,>730>731>*>764>765	0,1595/1595	0
ref	41661	41662	761_764	>761>762>764,>761>763>764	1,1	1
ref	41661	41662	758_761	>758>759>761,>758>760>761	1,1	1
ref	41661	41662	755_758	>755>756>758,>755>757>758	1,1	1
ref	41661	41662	752_755	>752>753>755,>752>754>755	1,1	1
ref	41661	41662	749_752	>749>750>752,>749>751>752	1,1	1
ref	41661	41662	746_749	>746>747>749,>746>748>749	1,1	1
ref	41661	41662	743_746	>743>744>746,>743>745>746	1,1	1
ref	41661	41662	740_743	>740>741>743,>740>742>743	1,1	1
ref	41661	41662	737_740	>737>738>740,>737>739>740	1,1	1
ref	41661	41662	734_737	>734>735>737,>734>736>737	1,1	1
ref	41661	41662	731_734	>731>732>734,>731>733>734	1,1	1
ref	41504	41506	727_730	>727>728>730,>727>729>730	1,1	0
ref	41384	41386	724_727	>724>725>727,>724>726>727	1,1	0
ref	41012	41227	722_724	>722>724,>722>723>724	0,214	0
ref	40879	40881	719_722	>719>720>722,>719>721>722	1,1	0
ref	40641	40643	716_719	>716>717>719,>716>718>719	1,1	0
ref	40553	40555	713_716	>713>714>716,>713>715>716	1,1	0
ref	40324	40326	710_713	>710>711>713,>710>712>713	1,1	0
ref	39884	40093	708_710	>708>710,>708>709>710	0,208	0
ref	39637	39639	705_708	>705>706>708,>705>707>708	1,1	0
ref	39525	39526	700_705	>700>705,>700>701>*>704>705	0,318/318	0
ref	39525	39526	701_704	>701>702>704,>701>703>704	1,1	1
ref	39334	39336	697_700	>697>698>700,>697>699>700	1,1	0
ref	39246	39248	694_697	>694>695>697,>694>696>697	1,1	0
ref	38781	39082	692_694	>692>694,>692>693>694	0,300	0
ref	38642	38644	689_692	>689>690>692,>689>691>692	1,1	0
ref	37999	38537	681_689	>681>689,>681>682>*>688>689	0,537/537	0
ref	38258	38260	685_688	>685>686>688,>685>687>688	1,1	0
ref	38148	38150	682_685	>682>683>685,>682>684>685	1,1	0
ref	37641	37879	679_681	>679>681,>679>680>681	0,237	0
ref	37482	37484	676_679	>676>677>679,>676>678>679	1,1	0
ref	37291	37293	673_676	>673>674>676,>673>675>676	1,1	0
ref	37239	37241	670_673	>670>671>673,>670>672>673	1,1	0
ref	36996	36998	667_670	>667>668>670,>667>669>670	1,1	0
ref	36724	36725	665_667	>665>667,>665>666>667	0,153	0
ref	36438	36440	662_665	>662>663>665,>662>664>665	1,1	0
ref	36188	36190	659_662	>659>660>662,>659>661>662	1,1	0
ref	36119	36121	656_659	>656>657>659,>656>658>659	1,1	0
ref	35987	35989	653_656	>653>654>656,>653>655>656	1,1	0
ref	35721	35723	650_653	>650>651>653,>650>652>653	1,1	0
ref	35514	35516	647_650	>647>648>650,>647>649>650	1,1	0
ref	35458	35460	644_647	>644>645>647,>644>646>647	1,1	0
ref	35240	35242	641_644	>641>642>644,>641>643>644	1,1	0
ref	35034	35036	638_641	>638>639>641,>638>640>641	1,1	0
ref	34857	34859	635_638	>635>636>638,>635>637>638	1,1	0
ref	34681	34683	632_635	>632>633>635,>632>634>635	1,1	0
ref	34531	34533	629_632	>629>630>632,>629>631>632	1,1	0
ref	34468	34470	626_629	>626>627>629,>626>628>629	1,1	0
ref	34184	34186	623_626	>623>624>626,>623>625>626	1,1	0
ref	33937	33939	620_623	>620>621>623,>620>622>623	1,1	0
ref	33874	33876	617_620	>617>618>620,>617>619>620	1,1	0
ref	33701	33703	614_617	>614>615>617,>614>616>617	1,1	0
ref	33414	33416	611_614	>611>612>614,>611>613>614	1,1	0
ref	33131	33133	608_611	>608>609>611,>608>610>611	1,1	0
ref	33039	33041	605_608	>605>606>608,>605>607>608	1,1	0
ref	32809	32811	602_605	>602>603>605,>602>604>605	1,1	0
ref	32555	32557	599_602	>599>600>602,>599>601>602	1,1	0
ref	32495	32497	596_599	>596>597>599,>596>598>599	1,1	0
ref	32326	32328	593_596	>593>594>596,>593>595>596	1,1	0
ref	32136	32138	590_593	>590>591>593,>590>592>593	1,1	0
ref	32061	32063	587_590	>587>588>590,>587>589>590	1,1	0
ref	31912	31914	584_587	>584>585>587,>584>586>587	1,1	0
ref	31794	31796	581_584	>581>582>584,>581>583>584	1,1	0
ref	31642	31644	578_581	>578>579>581,>578>580>581	1,1	0
ref	31451	31453	575_578	>575>576>578,>575>577>578	1,1	0
ref	31101	31297	573_575	>573>575,>573>574>575	0,195	0
ref	30876	30877	571_573	>571>573,>571>572>573	0,109	0
ref	30608	30609	566_571	>566>571,>566>567>*>570>571	0,271/271	0
ref	30608	30609	567_570	>567>568>570,>567>569>570	1,1	1
ref	30448	30449	564_566	>564>566,>564>565>566	0,180	0
ref	30325	30327	561_564	>561>562>564,>561>563>564	1,1	0
ref	30197	30199	558_561	>558>559>561,>558>560>561	1,1	0
ref	30011	30013	555_558	>555>556>558,>555>557>558	1,1	0
ref	29895	29897	552_555	>552>553>555,>552>554>555	1,1	0
ref	29757	29759	549_552	>549>550>552,>549>551>552	1,1	0
ref	29674	29676	546_549	>546>547>549,>546>548>549	1,1	0
ref	29596	29598	543_546	>543>544>546,>543>545>546	1,1	0
ref	29449	29451	540_543	>540>541>543,>540>542>543	1,1	0
ref	29325	29327	537_540	>537>538>540,>537>539>540	1,1	0
ref	29071	29073	534_537	>534>535>537,>534>536>537	1,1	0
ref	28891	28893	531_534	>531>532>534,>531>533>534	1,1	0
ref	28833	28835	528_531	>528>529>531,>528>530>531	1,1	0
ref	28610	28611	523_528	>523>528,>523>524>*>527>528	0,356/356	0
ref	28610	28611	524_527	>524>525>527,>524>526>527	1,1	1
ref	28483	28485	520_523	>520>521>523,>520>522>523	1,1	0
ref	28371	28373	517_520	>517>518>520,>517>519>520	1,1	0
ref	28296	28297	512_517	>512>517,>512>513>*>516>517	0,328/328	0
ref	28296	28297	513_516	>513>514>516,>513>515>516	1,1	1
ref	28150	28152	509_512	>509>510>512,>509>511>512	1,1	0
ref	27959	27961	506_509	>506>507>509,>506>508>509	1,1	0
ref	27869	27870	489_506	>489>506,>489>490>*>505>506	0,946/946	0
ref	27869	27870	502_505	>502>503>505,>502>504>505	1,1	1
ref	27869	27870	499_502	>499>500>502,>499>501>502	1,1	1
ref	27869	27870	496_499	>496>497>499,>496>498>499	1,1	1
ref	27869	27870	493_496	>493>494>496,>493>495>496	1,1	1
ref	27869	27870	490_493	>490>491>493,>490>492>493	1,1	1
ref	27746	27748	486_489	>486>487>489,>486>488>489	1,1	0
ref	27581	27583	483_486	>483>484>486,>483>485>486	1,1	0
ref	27393	27395	480_483	>480>481>483,>480>482>483	1,1	0
ref	27319	27321	477_480	>477>478>480,>477>479>480	1,1	0
ref	27133	27135	474_477	>474>475>477,>474>476>477	1,1	0
ref	26950	26952	471_474	>471>472>474,>471>473>474	1,1	0
ref	26778	26780	468_471	>468>469>471,>468>470>471	1,1	0
ref	26571	26573	465_468	>465>466>468,>465>467>468	1,1	0
ref	26447	26448	460_465	>460>465,>460>461>*>464>465	0,500/500	0
ref	26447	26448	461_464	>461>462>464,>461>463>464	1,1	1
ref	26359	26361	457_460	>457>458>460,>457>459>460	1,1	0
ref	26108	26110	454_457	>454>455>457,>454>456>457	1,1	0
ref	25475	25833	449_454	>449>454,>449>450>*>453>454	0,357/357	0
ref	25594	25596	450_453	>450>451>453,>450>452>453	1,1	0
ref	25319	25320	444_449	>444>449,>444>445>*>448>449	0,184/184	0
ref	25319	25320	445_448	>445>446>448,>445>447>448	1,1	1
ref	25192	25194	441_444	>441>442>444,>441>443>444	1,1	0
ref	24989	24991	438_441	>438>439>441,>438>440>441	1,1	0
ref	24789	24790	415_438	>415>438,>415>416>*>437>438	0,1279/1279	0
ref	24789	24790	434_437	>434>435>437,>434>436>437	1,1	1
ref	24789	24790	431_434	>431>432>434,>431>433>434	1,1	1
ref	24789	24790	428_431	>428>429>431,>428>430>431	1,1	1
ref	24789	24790	425_428	>425>426>428,>425>427>428	1,1	1
ref	24789	24790	422_425	>422>423>425,>422>424>425	1,1	1
ref	24789	24790	419_422	>419>420>422,>419>421>422	1,1	1
ref	24789	24790	416_419	>416>417>419,>416>418>419	1,1	1
ref	24643	24645	412_415	>412>413>415,>412>414>415	1,1	0
ref	22534	24502	380_412	>380>412,>380>381>*>411>412	0,1967/1967	0
ref	24348	24350	408_411	>408>409>411,>408>410>411	1,1	0
ref	24167	24169	405_408	>405>406>408,>405>407>408	1,1	0
ref	23879	23881	402_405	>402>403>405,>402>404>405	1,1	0
ref	23746	23748	399_402	>399>400>402,>399>401>402	1,1	0
ref	23611	23613	396_399	>396>397>399,>396>398>399	1,1	0
ref	23504	23506	393_396	>393>394>396,>393>395>396	1,1	0
ref	23303	23305	390_393	>390>391>393,>390>392>393	1,1	0
ref	23113	23115	387_390	>387>388>390,>387>389>390	1,1	0
ref	22980	22982	384_387	>384>385>387,>384>386>387	1,1	0
ref	22830	22832	381_384	>381>382>384,>381>383>384	1,1	0
ref	22361	22363	377_380	>377>378>380,>377>379>380	1,1	0
ref	21406	22116	366_377	>366>377,>366>367>*>376>377	0,709/709	0
ref	21816	21818	373_376	>373>374>376,>373>375>376	1,1	0
ref	21682	21684	370_373	>370>371>373,>370>372>373	1,1	0
ref	21480	21482	367_370	>367>368>370,>367>369>370	1,1	0
ref	21160	21162	363_366	>363>364>366,>363>365>366	1,1	0
ref	20950	20952	360_363	>360>361>363,>360>362>363	1,1	0
ref	20665	20667	357_360	>357>358>360,>357>359>360	1,1	0
ref	20487	20489	354_357	>354>355>357,>354>356>357	1,1	0
ref	20297	20299	351_354	>351>352>354,>351>353>354	1,1	0
ref	20127	20129	348_351	>348>349>351,>348>350>351	1,1	0
ref	19876	19878	345_348	>345>346>348,>345>347>348	1,1	0
ref	19743	19745	342_345	>342>343>345,>342>344>345	1,1	0
ref	19335	19626	340_342	>340>342,>340>341>342	0,290	0
ref	19177	19179	337_340	>337>338>340,>337>339>340	1,1	0
ref	19104	19105	335_337	>335>337,>335>336>337	0,82	0
ref	18967	18969	332_335	>332>333>335,>332>334>335	1,1	0
ref	18836	18838	329_332	>329>330>332,>329>331>332	1,1	0
ref	18699	18701	326_329	>326>327>329,>326>328>329	1,1	0
ref	18601	18603	323_326	>323>324>326,>323>325>326	1,1	0
ref	18450	18452	320_323	>320>321>323,>320>322>323	1,1	0
ref	18187	18189	317_320	>317>318>320,>317>319>320	1,1	0
ref	18133	18134	315_317	>315>317,>315>316>317	0,207	0
ref	17867	17869	312_315	>312>313>315,>312>314>315	1,1	0
ref	17631	17633	309_312	>309>310>312,>309>311>312	1,1	0
ref	17555	17556	304_309	>304>309,>304>305>*>308>309	0,333/333	0
ref	17555	17556	305_308	>305>306>308,>305>307>308	1,1	1
ref	17436	17438	301_304	>301>302>304,>301>303>304	1,1	0
ref	17218	17220	298_301	>298>299>301,>298>300>301	1,1	0
ref	16968	16970	295_298	>295>296>298,>295>297>298	1,1	0
ref	16082	16738	281_295	>281>295,>281>282>*>294>295	0,655/655	0
ref	16161	16163	285_282	>282>283>285,>282>284>285	1,1	0
ref	16217	16219	288_285	>285>286>288,>285>287>288	1,1	0
ref	16298	16300	291_288	>288>289>291,>288>290>291	1,1	0
ref	16453	16455	294_291	>291>292>294,>291>293>294	1,1	0
ref	15890	15892	278_281	>278>279>281,>278>280>281	1,1	0
ref	15713	15715	275_278	>275>276>278,>275>277>278	1,1	0
ref	15616	15618	272_275	>272>273>275,>272>274>275	1,1	0
ref	15422	15424	269_272	>269>270>272,>269>271>272	1,1	0
ref	15360	15362	266_269	>266>267>269,>266>268>269	1,1	0
ref	15246	15248	263_266	>263>264>266,>263>265>266	1,1	0
ref	15015	15017	260_263	>260>261>263,>260>262>263	1,1	0
ref	14788	14790	257_260	>257>258>260,>257>259>260	1,1	0
ref	14623	14624	240_257	>240>257,>240>241>*>256>257	0,1217/1217	0
ref	14623	14624	253_256	>253>254>256,>253>255>256	1,1	1
ref	14623	14624	250_253	>250>251>253,>250>252>253	1,1	1
ref	14623	14624	247_250	>247>248>250,>247>249>250	1,1	1
ref	14623	14624	244_247	>244>245>247,>244>246>247	1,1	1
ref	14623	14624	241_244	>241>242>244,>241>243>244	1,1	1
ref	14334	14336	237_240	>237>238>240,>237>239>240	1,1	0
ref	14066	14068	234_237	>234>235>237,>234>236>237	1,1	0
ref	13874	13876	231_234	>231>232>234,>231>233>234	1,1	0
ref	13799	13801	228_231	>228>229>231,>228>230>231	1,1	0
ref	13661	13663	225_228	>225>226>228,>225>227>228	1,1	0
ref	13403	13404	223_225	>223>225,>223>224>225	0,56	0
ref	13149	13150	200_223	>200>223,>200>201>*>222>223	0,1259/1259	0
ref	13149	13150	219_222	>219>220>222,>219>221>222	1,1	1
ref	13149	13150	216_219	>216>217>219,>216>218>219	1,1	1
ref	13149	13150	213_216	>213>214>216,>213>215>216	1,1	1
ref	13149	13150	210_213	>210>211>213,>210>212>213	1,1	1
ref	13149	13150	207_210	>207>208>210,>207>209>210	1,1	1
ref	13149	13150	204_207	>204>205>207,>204>206>207	1,1	1
ref	13149	13150	201_204	>201>202>204,>201>203>204	1,1	1
ref	12967	12969	197_200	>197>198>200,>197>199>200	1,1	0
ref	12890	12892	194_197	>194>195>197,>194>196>197	1,1	0
ref	12530	12785	192_194	>192>194,>192>193>194	0,254	0
ref	12343	12345	189_192	>189>190>192,>189>191>192	1,1	0
ref	12116	12117	172_189	>172>189,>172>173>*>188>189	0,815/815	0
ref	12116	12117	185_188	>185>186>188,>185>187>188	1,1	1
ref	12116	12117	182_185	>182>183>185,>182>184>185	1,1	1
ref	12116	12117	179_182	>179>180>182,>179>181>182	1,1	1
ref	12116	12117	176_179	>176>177>179,>176>178>179	1,1	1
ref	12116	12117	173_176	>173>174>176,>173>175>176	1,1	1
ref	11881	11883	169_172	>169>170>172,>169>171>172	1,1	0
ref	11729	11731	166_169	>166>167>169,>166>168>169	1,1	0
ref	11595	11597	163_166	>163>164>166,>163>165>166	1,1	0
ref	11030	11316	161_163	>161>163,>161>162>163	0,285	0
ref	10958	10960	158_161	>158>159>161,>158>160>161	1,1	0
ref	10766	10767	150_158	>150>158,>150>151>*>157>158	0,375/375	0
ref	10766	10767	154_157	>154>155>157,>154>156>157	1,1	1
ref	10766	10767	151_154	>151>152>154,>151>153>154	1,1	1
ref	10488	10490	147_150	>147>148>150,>147>149>150	1,1	0
ref	10315	10317	144_147	>144>145>147,>144>146>147	1,1	0
ref	10165	10166	142_144	>142>144,>142>143>144	0,233	0
ref	9874	9876	139_142	>139>140>142,>139>141>142	1,1	0
ref	9814	9816	136_139	>136>137>139,>136>138>139	1,1	0
ref	9701	9703	133_136	>133>134>136,>133>135>136	1,1	0
ref	9505	9507	130_133	>130>131>133,>130>132>133	1,1	0
ref	9103	9265	128_130	>128>130,>128>129>130	0,161	0
ref	8818	8820	125_128	>125>126>128,>125>127>128	1,1	0
ref	8647	8649	122_125	>122>123>125,>122>124>125	1,1	0
ref	8504	8506	119_122	>119>120>122,>119>121>122	1,1	0
ref	8226	8228	116_119	>116>117>119,>116>118>119	1,1	0
ref	8024	8026	113_116	>113>114>116,>113>115>116	1,1	0
ref	7759	7761	110_113	>110>111>113,>110>112>113	1,1	0
ref	7574	7576	107_110	>107>108>110,>107>109>110	1,1	0
ref	7506	7507	105_107	>105>107,>105>106>107	0,167	0
ref	7446	7448	102_105	>102>103>105,>102>104>105	1,1	0
ref	7326	7328	99_102	>99>100>102,>99>101>102	1,1	0
ref	7052	7054	96_99	>96>97>99,>96>98>99	1,1	0
ref	6866	6868	93_96	>93>94>96,>93>95>96	1,1	0
ref	6786	6788	90_93	>90>91>93,>90>92>93	1,1	0
ref	6647	6649	87_90	>87>88>90,>87>89>90	1,1	0
ref	6496	6498	84_87	>84>85>87,>84>86>87	1,1	0
ref	6361	6363	81_84	>81>82>84,>81>83>84	1,1	0
ref	6168	6170	78_81	>78>79>81,>78>80>81	1,1	0
ref	6097	6099	75_78	>75>76>78,>75>77>78	1,1	0
ref	5413	5921	70_75	>70>75,>70>71>*>74>75	0,507/507	0
ref	5649	5651	71_74	>71>72>74,>71>73>74	1,1	0
ref	5361	5363	67_70	>67>68>70,>67>69>70	1,1	0
ref	4825	5105	65_67	>65>67,>65>66>67	0,279	0
ref	4761	4763	62_65	>62>63>65,>62>64>65	1,1	0
ref	4494	4496	59_62	>59>60>62,>59>61>62	1,1	0
ref	4392	4394	56_59	>56>57>59,>56>58>59	1,1	0
ref	4281	4282	51_56	>51>56,>51>52>*>55>56	0,203/203	0
ref	4281	4282	52_55	>52>53>55,>52>54>55	1,1	1
ref	4070	4072	48_51	>48>49>51,>48>50>51	1,1	0
ref	3533	3972	43_48	>43>48,>43>44>*>47>48	0,438/438	0
ref	3759	3761	44_47	>44>45>47,>44>46>47	1,1	0
ref	3348	3350	40_43	>40>41>43,>40>42>43	1,1	0
ref	3101	3102	38_40	>38>40,>38>39>40	0,148	0
ref	2802	2804	35_38	>35>36>38,>35>37>38	1,1	0
ref	2666	2668	32_35	>32>33>35,>32>34>35	1,1	0
ref	1379	2540	18_32	>18>32,>18>19>*>31>32	0,1160/1160	0
ref	2245	2247	28_31	>28>29>31,>28>30>31	1,1	0
ref	2137	2139	25_28	>25>26>28,>25>27>28	1,1	0
ref	1862	1864	22_25	>22>23>25,>22>24>25	1,1	0
ref	1666	1668	19_22	>19>20>22,>19>21>22	1,1	0
ref	1316	1318	15_18	>15>16>18,>15>17>18	1,1	0
ref	1202	1204	12_15	>12>13>15,>12>14>15	1,1	0
ref	910	912	9_12	>9>10>12,>9>11>12	1,1	0
ref	680	682	6_9	>6>7>9,>6>8>9	1,1	0
ref	504	505	4_6	>4>6,>4>5>6	0,103	0
ref	366	368	1_4	>1>2>4,>1>3>4	1,1	0
