chr	pos	snarl	paths	type
ref	247411	4260_4271	>4260>4271,>4260>4261>*>4270>4271	DEL,CPX
ref	247412	4267_4270	>4267>4268>4270,>4267>4269>4270	G,C
ref	247412	4264_4267	>4264>4265>4267,>4264>4266>4267	A,G
ref	247412	4261_4264	>4261>4262>4264,>4261>4263>4264	C,T
ref	247246	4252_4260	>4252>4260,>4252>4253>*>4259>4260	DEL,CPX
ref	247247	4256_4259	>4256>4257>4259,>4256>4258>4259	G,A
ref	247247	4253_4256	>4253>4254>4256,>4253>4255>4256	T,A
ref	247027	4249_4252	>4249>4250>4252,>4249>4251>4252	A,C
ref	244988	4208_4249	>4208>4249,>4208>4209>*>4248>4249	DEL,CPX
ref	246811	4245_4248	>4245>4246>4248,>4245>4247>4248	T,G
ref	246663	4242_4245	>4242>4243>4245,>4242>4244>4245	T,A
ref	246484	4239_4242	>4239>4240>4242,>4239>4241>4242	G,T
ref	246297	4236_4239	>4236>4237>4239,>4236>4238>4239	C,A
ref	246187	4233_4236	>4233>4234>4236,>4233>4235>4236	A,G
ref	245996	4230_4233	>4230>4231>4233,>4230>4232>4233	A,C
ref	245933	4227_4230	>4227>4228>4230,>4227>4229>4230	G,T
ref	245743	4224_4227	>4224>4225>4227,>4224>4226>4227	C,G
ref	245647	4221_4224	>4221>4222>4224,>4221>4223>4224	G,A
ref	245595	4218_4221	>4218>4219>4221,>4218>4220>4221	C,A
ref	245351	4215_4218	>4215>4216>4218,>4215>4217>4218	T,C
ref	245145	4212_4215	>4212>4213>4215,>4212>4214>4215	T,A
ref	245082	4209_4212	>4209>4210>4212,>4209>4211>4212	C,G
ref	244702	4205_4208	>4205>4206>4208,>4205>4207>4208	A,C
ref	244522	4202_4205	>4202>4203>4205,>4202>4204>4205	A,C
ref	244232	4199_4202	>4199>4200>4202,>4199>4201>4202	A,C
ref	244178	4196_4199	>4196>4197>4199,>4196>4198>4199	C,T
ref	243890	4193_4196	>4193>4194>4196,>4193>4195>4196	C,G
ref	243769	4190_4193	>4190>4191>4193,>4190>4192>4193	T,C
ref	242653	4176_4190	>4176>4190,>4176>4177>*>4189>4190	DEL,CPX
ref	243378	4186_4189	>4186>4187>4189,>4186>4188>4189	G,A
ref	243252	4183_4186	>4183>4184>4186,>4183>4185>4186	T,G
ref	242988	4180_4183	>4180>4181>4183,>4180>4182>4183	T,A
ref	242830	4177_4180	>4177>4178>4180,>4177>4179>4180	G,T
ref	242423	4173_4176	>4173>4174>4176,>4173>4175>4176	C,T
ref	242058	4171_4173	>4171>4173,>4171>4172>4173	DEL,INS
ref	241811	4168_4171	>4168>4169>4171,>4168>4170>4171	C,G
ref	241688	4165_4168	>4165>4166>4168,>4165>4167>4168	T,C
ref	241231	4160_4165	>4160>4165,>4160>4161>*>4164>4165	DEL,CPX
ref	241398	4161_4164	>4161>4162>4164,>4161>4163>4164	A,T
ref	241034	4157_4160	>4157>4158>4160,>4157>4159>4160	A,T
ref	240849	4154_4157	>4154>4155>4157,>4154>4156>4157	G,C
ref	240736	4151_4154	>4151>4152>4154,>4151>4153>4154	C,G
ref	240448	4148_4151	>4148>4149>4151,>4148>4150>4151	A,C
ref	240152	4146_4148	>4146>4148,>4146>4147>4148	DEL,INS
ref	239912	4143_4146	>4143>4144>4146,>4143>4145>4146	T,A
ref	239852	4140_4143	>4140>4141>4143,>4140>4142>4143	A,G
ref	239653	4137_4140	>4137>4138>4140,>4137>4139>4140	C,A
ref	239420	4123_4137	>4123>4137,>4123>4124>*>4136>4137	DEL,CPX
ref	239421	4133_4136	>4133>4134>4136,>4133>4135>4136	G,A
ref	239421	4130_4133	>4130>4131>4133,>4130>4132>4133	A,C
ref	239421	4127_4130	>4127>4128>4130,>4127>4129>4130	A,G
ref	239421	4124_4127	>4124>4125>4127,>4124>4126>4127	C,T
ref	238625	4112_4123	>4112>4123,>4112>4113>*>4122>4123	DEL,CPX
ref	239011	4119_4122	>4119>4120>4122,>4119>4121>4122	C,A
ref	238905	4116_4119	>4116>4117>4119,>4116>4118>4119	A,C
ref	238767	4113_4116	>4113>4114>4116,>4113>4115>4116	T,C
ref	238416	4104_4112	>4104>4112,>4104>4105>*>4111>4112	DEL,CPX
ref	238417	4108_4111	>4108>4109>4111,>4108>4110>4111	G,T
ref	238417	4105_4108	>4105>4106>4108,>4105>4107>4108	G,A
ref	238194	4101_4104	>4101>4102>4104,>4101>4103>4104	T,A
ref	238051	4098_4101	>4098>4099>4101,>4098>4100>4101	T,G
ref	237827	4096_4098	>4096>4098,>4096>4097>4098	DEL,INS
ref	237628	4093_4096	>4093>4094>4096,>4093>4095>4096	C,G
ref	237482	4090_4093	>4090>4091>4093,>4090>4092>4093	A,C
ref	236941	4085_4090	>4085>4090,>4085>4086>*>4089>4090	DEL,CPX
ref	237240	4086_4089	>4086>4087>4089,>4086>4088>4089	C,A
ref	236676	4082_4085	>4082>4083>4085,>4082>4084>4085	T,G
ref	236575	4079_4082	>4079>4080>4082,>4079>4081>4082	C,T
ref	236411	4076_4079	>4076>4077>4079,>4076>4078>4079	T,A
ref	236172	4073_4076	>4073>4074>4076,>4073>4075>4076	A,G
ref	235924	4070_4073	>4070>4071>4073,>4070>4072>4073	G,T
ref	235558	4068_4070	>4068>4070,>4068>4069>4070	DEL,INS
ref	235284	4065_4068	>4065>4066>4068,>4065>4067>4068	A,G
ref	234991	4063_4065	>4063>4065,>4063>4064>4065	DEL,INS
ref	234903	4060_4063	>4060>4061>4063,>4060>4062>4063	G,A
ref	234622	4057_4060	>4057>4058>4060,>4057>4059>4060	G,C
ref	234467	4054_4057	>4054>4055>4057,>4054>4056>4057	G,T
ref	234401	4051_4054	>4051>4052>4054,>4051>4053>4054	T,G
ref	234328	4048_4051	>4048>4049>4051,>4048>4050>4051	T,G
ref	234041	4045_4048	>4045>4046>4048,>4045>4047>4048	A,C
ref	233819	4042_4045	>4042>4043>4045,>4042>4044>4045	T,C
ref	233520	4039_4042	>4039>4040>4042,>4039>4041>4042	G,T
ref	233272	4036_4039	>4036>4037>4039,>4036>4038>4039	G,T
ref	232194	4022_4036	>4022>4036,>4022>4023>*>4035>4036	DEL,CPX
ref	232930	4032_4035	>4032>4033>4035,>4032>4034>4035	G,T
ref	232646	4029_4032	>4029>4030>4032,>4029>4031>4032	T,C
ref	232468	4026_4029	>4026>4027>4029,>4026>4028>4029	A,G
ref	232287	4023_4026	>4023>4024>4026,>4023>4025>4026	G,A
ref	232104	4019_4022	>4019>4020>4022,>4019>4021>4022	A,G
ref	231821	4016_4019	>4016>4017>4019,>4016>4018>4019	T,G
ref	231622	4014_4016	>4014>4016,>4014>4015>4016	DEL,INS
ref	231403	4012_4014	>4012>4014,>4012>4013>4014	DEL,INS
ref	231233	4010_4012	>4010>4012,>4010>4011>4012	DEL,INS
ref	231047	4008_4010	>4008>4010,>4008>4009>4010	DEL,INS
ref	230965	4005_4008	>4005>4006>4008,>4005>4007>4008	G,C
ref	230739	4002_4005	>4002>4003>4005,>4002>4004>4005	C,A
ref	230540	3999_4002	>3999>4000>4002,>3999>4001>4002	A,G
ref	230473	3996_3999	>3996>3997>3999,>3996>3998>3999	T,A
ref	230189	3993_3996	>3993>3994>3996,>3993>3995>3996	G,C
ref	230067	3990_3993	>3990>3991>3993,>3990>3992>3993	C,A
ref	229998	3987_3990	>3987>3988>3990,>3987>3989>3990	G,A
ref	229901	3984_3987	>3984>3985>3987,>3984>3986>3987	G,A
ref	229744	3981_3984	>3981>3982>3984,>3981>3983>3984	A,G
ref	229686	3978_3981	>3978>3979>3981,>3978>3980>3981	C,A
ref	229499	3975_3978	>3975>3976>3978,>3975>3977>3978	T,G
ref	229443	3972_3975	>3972>3973>3975,>3972>3974>3975	C,T
ref	229231	3969_3972	>3969>3970>3972,>3969>3971>3972	C,T
ref	229095	3966_3969	>3966>3967>3969,>3966>3968>3969	C,A
ref	228853	3963_3966	>3963>3964>3966,>3963>3965>3966	A,G
ref	228605	3960_3963	>3960>3961>3963,>3960>3962>3963	C,G
ref	228551	3958_3960	>3958>3960,>3958>3959>3960	DEL,INS
ref	228496	3955_3958	>3955>3956>3958,>3955>3957>3958	C,G
ref	228254	3952_3955	>3952>3953>3955,>3952>3954>3955	A,C
ref	227848	3950_3952	>3950>3952,>3950>3951>3952	DEL,INS
ref	227630	3947_3950	>3947>3948>3950,>3947>3949>3950	G,T
ref	227403	3945_3947	>3945>3947,>3945>3946>3947	DEL,INS
ref	227134	3942_3945	>3942>3943>3945,>3942>3944>3945	T,C
ref	226843	3939_3942	>3939>3940>3942,>3939>3941>3942	G,C
ref	226728	3922_3939	>3922>3939,>3922>3923>*>3938>3939	DEL,CPX
ref	226729	3935_3938	>3935>3936>3938,>3935>3937>3938	A,T
ref	226729	3932_3935	>3932>3933>3935,>3932>3934>3935	T,C
ref	226729	3929_3932	>3929>3930>3932,>3929>3931>3932	A,C
ref	226729	3926_3929	>3926>3927>3929,>3926>3928>3929	G,A
ref	226729	3923_3926	>3923>3924>3926,>3923>3925>3926	A,C
ref	226672	3919_3922	>3919>3920>3922,>3919>3921>3922	G,A
ref	226530	3916_3919	>3916>3917>3919,>3916>3918>3919	A,G
ref	226277	3913_3916	>3913>3914>3916,>3913>3915>3916	T,C
ref	226074	3910_3913	>3910>3911>3913,>3910>3912>3913	T,G
ref	225879	3907_3910	>3907>3908>3910,>3907>3909>3910	T,G
ref	225681	3904_3907	>3904>3905>3907,>3904>3906>3907	G,T
ref	225532	3901_3904	>3901>3902>3904,>3901>3903>3904	A,G
ref	225277	3898_3901	>3898>3899>3901,>3898>3900>3901	T,C
ref	224386	3887_3898	>3887>3898,>3887>3888>*>3897>3898	DEL,CPX
ref	224921	3894_3897	>3894>3895>3897,>3894>3896>3897	T,A
ref	224765	3891_3894	>3891>3892>3894,>3891>3893>3894	T,G
ref	224496	3888_3891	>3888>3889>3891,>3888>3890>3891	C,G
ref	224150	3885_3887	>3885>3887,>3885>3886>3887	DEL,INS
ref	224069	3882_3885	>3882>3883>3885,>3882>3884>3885	A,C
ref	223885	3879_3882	>3879>3880>3882,>3879>3881>3882	T,G
ref	223611	3876_3879	>3876>3877>3879,>3876>3878>3879	G,A
ref	223242	3874_3876	>3874>3876,>3874>3875>3876	DEL,INS
ref	223135	3871_3874	>3871>3872>3874,>3871>3873>3874	G,A
ref	222975	3866_3871	>3866>3871,>3866>3867>*>3870>3871	DEL,CPX
ref	222976	3867_3870	>3867>3868>3870,>3867>3869>3870	A,C
ref	222816	3863_3866	>3863>3864>3866,>3863>3865>3866	C,T
ref	222643	3860_3863	>3860>3861>3863,>3860>3862>3863	G,A
ref	222560	3857_3860	>3857>3858>3860,>3857>3859>3860	A,T
ref	222434	3854_3857	>3854>3855>3857,>3854>3856>3857	A,C
ref	222270	3851_3854	>3851>3852>3854,>3851>3853>3854	C,G
ref	222092	3848_3851	>3848>3849>3851,>3848>3850>3851	A,C
ref	222016	3845_3848	>3845>3846>3848,>3845>3847>3848	G,A
ref	220680	3831_3845	>3831>3845,>3831>3832>*>3844>3845	DEL,CPX
ref	221556	3841_3844	>3841>3842>3844,>3841>3843>3844	A,C
ref	221279	3838_3841	>3838>3839>3841,>3838>3840>3841	G,T
ref	221172	3835_3838	>3835>3836>3838,>3835>3837>3838	C,G
ref	220925	3832_3835	>3832>3833>3835,>3832>3834>3835	A,C
ref	220246	3829_3831	>3829>3831,>3829>3830>3831	DEL,INS
ref	220155	3826_3829	>3826>3827>3829,>3826>3828>3829	T,C
ref	220081	3823_3826	>3823>3824>3826,>3823>3825>3826	T,G
ref	219802	3820_3823	>3820>3821>3823,>3820>3822>3823	T,G
ref	219607	3817_3820	>3817>3818>3820,>3817>3819>3820	T,C
ref	219361	3814_3817	>3814>3815>3817,>3814>3816>3817	C,A
ref	219174	3811_3814	>3811>3812>3814,>3811>3813>3814	T,G
ref	219024	3808_3811	>3808>3809>3811,>3808>3810>3811	C,G
ref	218933	3785_3808	>3785>3808,>3785>3786>*>3807>3808	DEL,CPX
ref	218934	3804_3807	>3804>3805>3807,>3804>3806>3807	T,G
ref	218934	3801_3804	>3801>3802>3804,>3801>3803>3804	G,A
ref	218934	3798_3801	>3798>3799>3801,>3798>3800>3801	A,C
ref	218934	3795_3798	>3795>3796>3798,>3795>3797>3798	G,C
ref	218934	3792_3795	>3792>3793>3795,>3792>3794>3795	T,C
ref	218934	3789_3792	>3789>3790>3792,>3789>3791>3792	A,C
ref	218934	3786_3789	>3786>3787>3789,>3786>3788>3789	C,G
ref	218774	3782_3785	>3782>3783>3785,>3782>3784>3785	C,A
ref	218645	3779_3782	>3779>3780>3782,>3779>3781>3782	T,A
ref	218512	3776_3779	>3776>3777>3779,>3776>3778>3779	A,G
ref	218368	3773_3776	>3773>3774>3776,>3773>3775>3776	A,C
ref	218096	3770_3773	>3770>3771>3773,>3770>3772>3773	T,G
ref	217872	3767_3770	>3767>3768>3770,>3767>3769>3770	T,C
ref	217792	3764_3767	>3764>3765>3767,>3764>3766>3767	G,C
ref	217337	3762_3764	>3762>3764,>3762>3763>3764	DEL,INS
ref	217110	3759_3762	>3759>3760>3762,>3759>3761>3762	C,T
ref	216996	3756_3759	>3756>3757>3759,>3756>3758>3759	C,A
ref	216786	3754_3756	>3754>3756,>3754>3755>3756	DEL,INS
ref	216623	3751_3754	>3751>3752>3754,>3751>3753>3754	A,T
ref	216554	3749_3751	>3749>3751,>3749>3750>3751	DEL,INS
ref	216418	3746_3749	>3746>3747>3749,>3746>3748>3749	T,G
ref	216216	3743_3746	>3743>3744>3746,>3743>3745>3746	T,A
ref	215977	3740_3743	>3740>3741>3743,>3740>3742>3743	C,T
ref	215819	3737_3740	>3737>3738>3740,>3737>3739>3740	C,A
ref	215610	3734_3737	>3734>3735>3737,>3734>3736>3737	A,T
ref	215361	3731_3734	>3731>3732>3734,>3731>3733>3734	A,C
ref	215066	3729_3731	>3729>3731,>3729>3730>3731	DEL,INS
ref	214910	3726_3729	>3726>3727>3729,>3726>3728>3729	A,C
ref	214031	3718_3726	>3718>3726,>3718>3719>*>3725>3726	DEL,CPX
ref	214404	3722_3725	>3722>3723>3725,>3722>3724>3725	A,C
ref	214307	3719_3722	>3719>3720>3722,>3719>3721>3722	A,G
ref	213911	3713_3718	>3713>3718,>3713>3714>*>3717>3718	DEL,CPX
ref	213912	3714_3717	>3714>3715>3717,>3714>3716>3717	G,T
ref	213618	3710_3713	>3710>3711>3713,>3710>3712>3713	T,A
ref	213353	3708_3710	>3708>3710,>3708>3709>3710	DEL,INS
ref	213102	3700_3708	>3700>3708,>3700>3701>*>3707>3708	DEL,CPX
ref	213103	3704_3707	>3704>3705>3707,>3704>3706>3707	G,A
ref	213103	3701_3704	>3701>3702>3704,>3701>3703>3704	C,T
ref	212821	3697_3700	>3697>3698>3700,>3697>3699>3700	A,G
ref	212638	3694_3697	>3694>3695>3697,>3694>3696>3697	T,C
ref	212572	3691_3694	>3691>3692>3694,>3691>3693>3694	A,T
ref	212275	3688_3691	>3688>3689>3691,>3688>3690>3691	T,A
ref	212185	3686_3688	>3686>3688,>3686>3687>3688	DEL,INS
ref	212122	3683_3686	>3683>3684>3686,>3683>3685>3686	G,T
ref	211992	3678_3683	>3678>3683,>3678>3679>*>3682>3683	DEL,CPX
ref	211993	3679_3682	>3679>3680>3682,>3679>3681>3682	G,C
ref	211879	3675_3678	>3675>3676>3678,>3675>3677>3678	A,C
ref	211596	3672_3675	>3672>3673>3675,>3672>3674>3675	G,A
ref	211535	3664_3672	>3664>3672,>3664>3665>*>3671>3672	DEL,CPX
ref	211536	3668_3671	>3668>3669>3671,>3668>3670>3671	A,G
ref	211536	3665_3668	>3665>3666>3668,>3665>3667>3668	G,T
ref	211117	3662_3664	>3662>3664,>3662>3663>3664	DEL,INS
ref	210910	3659_3662	>3659>3660>3662,>3659>3661>3662	T,G
ref	210808	3656_3659	>3656>3657>3659,>3656>3658>3659	C,T
ref	210659	3653_3656	>3653>3654>3656,>3653>3655>3656	C,T
ref	210377	3651_3653	>3651>3653,>3651>3652>3653	DEL,INS
ref	210109	3648_3651	>3648>3649>3651,>3648>3650>3651	A,G
ref	210044	3645_3648	>3645>3646>3648,>3645>3647>3648	C,T
ref	209886	3642_3645	>3642>3643>3645,>3642>3644>3645	G,A
ref	209718	3639_3642	>3639>3640>3642,>3639>3641>3642	G,A
ref	209518	3636_3639	>3636>3637>3639,>3636>3638>3639	G,C
ref	209359	3633_3636	>3633>3634>3636,>3633>3635>3636	T,C
ref	209141	3630_3633	>3630>3631>3633,>3630>3632>3633	G,C
ref	208997	3627_3630	>3627>3628>3630,>3627>3629>3630	G,A
ref	208905	3613_3627	>3613>3627,>3613>3614>*>3626>3627	DEL,CPX
ref	208906	3623_3626	>3623>3624>3626,>3623>3625>3626	T,C
ref	208906	3620_3623	>3620>3621>3623,>3620>3622>3623	C,A
ref	208906	3617_3620	>3617>3618>3620,>3617>3619>3620	C,A
ref	208906	3614_3617	>3614>3615>3617,>3614>3616>3617	C,A
ref	208758	3610_3613	>3610>3611>3613,>3610>3612>3613	A,C
ref	208693	3607_3610	>3607>3608>3610,>3607>3609>3610	A,T
ref	208623	3604_3607	>3604>3605>3607,>3604>3606>3607	C,G
ref	208389	3602_3604	>3602>3604,>3602>3603>3604	DEL,INS
ref	208134	3599_3602	>3599>3600>3602,>3599>3601>3602	G,C
ref	207943	3596_3599	>3596>3597>3599,>3596>3598>3599	G,A
ref	207876	3593_3596	>3593>3594>3596,>3593>3595>3596	T,A
ref	207721	3590_3593	>3590>3591>3593,>3590>3592>3593	C,A
ref	207207	3588_3590	>3588>3590,>3588>3589>3590	DEL,INS
ref	206949	3574_3588	>3574>3588,>3574>3575>*>3587>3588	DEL,CPX
ref	206950	3584_3587	>3584>3585>3587,>3584>3586>3587	G,T
ref	206950	3581_3584	>3581>3582>3584,>3581>3583>3584	C,T
ref	206950	3578_3581	>3578>3579>3581,>3578>3580>3581	C,T
ref	206950	3575_3578	>3575>3576>3578,>3575>3577>3578	T,G
ref	206877	3571_3574	>3571>3572>3574,>3571>3573>3574	T,C
ref	206747	3568_3571	>3568>3569>3571,>3568>3570>3571	C,A
ref	206529	3565_3568	>3565>3566>3568,>3565>3567>3568	A,C
ref	206283	3562_3565	>3562>3563>3565,>3562>3564>3565	T,A
ref	205448	3548_3562	>3548>3562,>3548>3549>*>3561>3562	DEL,CPX
ref	206026	3558_3561	>3558>3559>3561,>3558>3560>3561	T,A
ref	205817	3555_3558	>3555>3556>3558,>3555>3557>3558	A,T
ref	205621	3552_3555	>3552>3553>3555,>3552>3554>3555	T,C
ref	205512	3549_3552	>3549>3550>3552,>3549>3551>3552	C,T
ref	205295	3525_3548	>3525>3548,>3525>3526>*>3547>3548	DEL,CPX
ref	205296	3544_3547	>3544>3545>3547,>3544>3546>3547	G,A
ref	205296	3541_3544	>3541>3542>3544,>3541>3543>3544	C,T
ref	205296	3538_3541	>3538>3539>3541,>3538>3540>3541	A,G
ref	205296	3535_3538	>3535>3536>3538,>3535>3537>3538	A,T
ref	205296	3532_3535	>3532>3533>3535,>3532>3534>3535	A,C
ref	205296	3529_3532	>3529>3530>3532,>3529>3531>3532	G,T
ref	205296	3526_3529	>3526>3527>3529,>3526>3528>3529	T,A
ref	204277	3517_3525	>3517>3525,>3517>3518>*>3524>3525	DEL,CPX
ref	204727	3521_3524	>3521>3522>3524,>3521>3523>3524	T,C
ref	204514	3518_3521	>3518>3519>3521,>3518>3520>3521	T,C
ref	204170	3514_3517	>3514>3515>3517,>3514>3516>3517	T,G
ref	204054	3511_3514	>3511>3512>3514,>3511>3513>3514	T,G
ref	203772	3509_3511	>3509>3511,>3509>3510>3511	DEL,INS
ref	203639	3507_3509	>3507>3509,>3507>3508>3509	DEL,INS
ref	203374	3504_3507	>3504>3505>3507,>3504>3506>3507	T,G
ref	202386	3490_3504	>3490>3504,>3490>3491>*>3503>3504	DEL,CPX
ref	203111	3500_3503	>3500>3501>3503,>3500>3502>3503	A,C
ref	202918	3497_3500	>3497>3498>3500,>3497>3499>3500	A,T
ref	202729	3494_3497	>3494>3495>3497,>3494>3496>3497	G,A
ref	202513	3491_3494	>3491>3492>3494,>3491>3493>3494	T,G
ref	201774	3482_3490	>3482>3490,>3482>3483>*>3489>3490	DEL,CPX
ref	202033	3486_3489	>3486>3487>3489,>3486>3488>3489	T,A
ref	201950	3483_3486	>3483>3484>3486,>3483>3485>3486	C,T
ref	201619	3479_3482	>3479>3480>3482,>3479>3481>3482	C,T
ref	201393	3468_3479	>3468>3479,>3468>3469>*>3478>3479	DEL,CPX
ref	201394	3475_3478	>3475>3476>3478,>3475>3477>3478	C,T
ref	201394	3472_3475	>3472>3473>3475,>3472>3474>3475	A,G
ref	201394	3469_3472	>3469>3470>3472,>3469>3471>3472	C,T
ref	201318	3465_3468	>3465>3466>3468,>3465>3467>3468	T,A
ref	201029	3462_3465	>3462>3463>3465,>3462>3464>3465	A,C
ref	200181	3451_3462	>3451>3462,>3451>3452>*>3461>3462	DEL,CPX
ref	200772	3458_3461	>3458>3459>3461,>3458>3460>3461	A,T
ref	200555	3455_3458	>3455>3456>3458,>3455>3457>3458	C,G
ref	200361	3452_3455	>3452>3453>3455,>3452>3454>3455	G,C
ref	199014	3440_3451	>3440>3451,>3440>3441>*>3450>3451	DEL,CPX
ref	199697	3447_3450	>3447>3448>3450,>3447>3449>3450	G,T
ref	199461	3444_3447	>3444>3445>3447,>3444>3446>3447	A,T
ref	199230	3441_3444	>3441>3442>3444,>3441>3443>3444	C,G
ref	198796	3437_3440	>3437>3438>3440,>3437>3439>3440	G,C
ref	198707	3434_3437	>3434>3435>3437,>3434>3436>3437	A,T
ref	198567	3431_3434	>3431>3432>3434,>3431>3433>3434	C,G
ref	198438	3428_3431	>3428>3429>3431,>3428>3430>3431	C,G
ref	198306	3426_3428	>3426>3428,>3426>3427>3428	DEL,INS
ref	198076	3423_3426	>3423>3424>3426,>3423>3425>3426	A,T
ref	197958	3420_3423	>3420>3421>3423,>3420>3422>3423	A,G
ref	197591	3418_3420	>3418>3420,>3418>3419>3420	DEL,INS
ref	196534	3404_3418	>3404>3418,>3404>3405>*>3417>3418	DEL,CPX
ref	197303	3414_3417	>3414>3415>3417,>3414>3416>3417	A,C
ref	197058	3411_3414	>3411>3412>3414,>3411>3413>3414	T,C
ref	196892	3408_3411	>3408>3409>3411,>3408>3410>3411	G,A
ref	196622	3405_3408	>3405>3406>3408,>3405>3407>3408	C,A
ref	196472	3402_3404	>3402>3404,>3402>3403>3404	DEL,INS
ref	196346	3399_3402	>3399>3400>3402,>3399>3401>3402	C,A
ref	196172	3364_3399	>3364>3399,>3364>3365>*>3398>3399	DEL,CPX
ref	196173	3395_3398	>3395>3396>3398,>3395>3397>3398	T,G
ref	196173	3392_3395	>3392>3393>3395,>3392>3394>3395	T,G
ref	196173	3389_3392	>3389>3390>3392,>3389>3391>3392	G,C
ref	196173	3386_3389	>3386>3387>3389,>3386>3388>3389	A,C
ref	196173	3383_3386	>3383>3384>3386,>3383>3385>3386	T,C
ref	196173	3380_3383	>3380>3381>3383,>3380>3382>3383	T,A
ref	196173	3377_3380	>3377>3378>3380,>3377>3379>3380	G,T
ref	196173	3374_3377	>3374>3375>3377,>3374>3376>3377	T,A
ref	196173	3371_3374	>3371>3372>3374,>3371>3373>3374	A,G
ref	196173	3368_3371	>3368>3369>3371,>3368>3370>3371	G,C
ref	196173	3365_3368	>3365>3366>3368,>3365>3367>3368	A,C
ref	196106	3361_3364	>3361>3362>3364,>3361>3363>3364	C,T
ref	196011	3359_3361	>3359>3361,>3359>3360>3361	DEL,INS
ref	195746	3356_3359	>3356>3357>3359,>3356>3358>3359	G,T
ref	195531	3345_3356	>3345>3356,>3345>3346>*>3355>3356	DEL,CPX
ref	195532	3352_3355	>3352>3353>3355,>3352>3354>3355	G,C
ref	195532	3349_3352	>3349>3350>3352,>3349>3351>3352	A,G
ref	195532	3346_3349	>3346>3347>3349,>3346>3348>3349	G,A
ref	195041	3343_3345	>3343>3345,>3343>3344>3345	DEL,INS
ref	194764	3341_3343	>3341>3343,>3341>3342>3343	DEL,INS
ref	194488	3338_3341	>3338>3339>3341,>3338>3340>3341	A,C
ref	194216	3335_3338	>3335>3336>3338,>3335>3337>3338	A,C
ref	193923	3332_3335	>3332>3333>3335,>3332>3334>3335	T,C
ref	193725	3329_3332	>3329>3330>3332,>3329>3331>3332	T,A
ref	193663	3326_3329	>3326>3327>3329,>3326>3328>3329	T,C
ref	193568	3323_3326	>3323>3324>3326,>3323>3325>3326	C,A
ref	193281	3320_3323	>3320>3321>3323,>3320>3322>3323	G,T
ref	193040	3317_3320	>3317>3318>3320,>3317>3319>3320	G,A
ref	192869	3314_3317	>3314>3315>3317,>3314>3316>3317	C,G
ref	192605	3311_3314	>3311>3312>3314,>3311>3313>3314	T,A
ref	192305	3308_3311	>3308>3309>3311,>3308>3310>3311	T,A
ref	192223	3306_3308	>3306>3308,>3306>3307>3308	DEL,INS
ref	192154	3292_3306	>3292>3306,>3292>3293>*>3305>3306	DEL,CPX
ref	192155	3302_3305	>3302>3303>3305,>3302>3304>3305	T,C
ref	192155	3299_3302	>3299>3300>3302,>3299>3301>3302	A,T
ref	192155	3296_3299	>3296>3297>3299,>3296>3298>3299	A,G
ref	192155	3293_3296	>3293>3294>3296,>3293>3295>3296	C,T
ref	191944	3289_3292	>3289>3290>3292,>3289>3291>3292	G,C
ref	191504	3287_3289	>3287>3289,>3287>3288>3289	DEL,INS
ref	191349	3284_3287	>3284>3285>3287,>3284>3286>3287	G,C
ref	191293	3281_3284	>3281>3282>3284,>3281>3283>3284	G,T
ref	191069	3278_3281	>3278>3279>3281,>3278>3280>3281	T,C
ref	190875	3275_3278	>3275>3276>3278,>3275>3277>3278	C,A
ref	190582	3272_3275	>3272>3273>3275,>3272>3274>3275	G,A
ref	190081	3270_3272	>3270>3272,>3270>3271>3272	DEL,INS
ref	189830	3267_3270	>3267>3268>3270,>3267>3269>3270	C,A
ref	189565	3265_3267	>3265>3267,>3265>3266>3267	DEL,INS
ref	189459	3262_3265	>3262>3263>3265,>3262>3264>3265	A,G
ref	189277	3259_3262	>3259>3260>3262,>3259>3261>3262	G,A
ref	189021	3256_3259	>3256>3257>3259,>3256>3258>3259	A,T
ref	188968	3253_3256	>3253>3254>3256,>3253>3255>3256	A,G
ref	188821	3250_3253	>3250>3251>3253,>3250>3252>3253	A,C
ref	188548	3236_3250	>3236>3250,>3236>3237>*>3249>3250	DEL,CPX
ref	188549	3246_3249	>3246>3247>3249,>3246>3248>3249	G,A
ref	188549	3243_3246	>3243>3244>3246,>3243>3245>3246	C,T
ref	188549	3240_3243	>3240>3241>3243,>3240>3242>3243	A,G
ref	188549	3237_3240	>3237>3238>3240,>3237>3239>3240	A,C
ref	188062	3234_3236	>3234>3236,>3234>3235>3236	DEL,INS
ref	187801	3232_3234	>3232>3234,>3232>3233>3234	DEL,INS
ref	187572	3230_3232	>3230>3232,>3230>3231>3232	DEL,INS
ref	187491	3227_3230	>3227>3228>3230,>3227>3229>3230	A,T
ref	186702	3216_3227	>3216>3227,>3216>3217>*>3226>3227	DEL,CPX
ref	186980	3223_3226	>3223>3224>3226,>3223>3225>3226	C,T
ref	186904	3220_3223	>3220>3221>3223,>3220>3222>3223	G,A
ref	186837	3217_3220	>3217>3218>3220,>3217>3219>3220	C,A
ref	186606	3213_3216	>3213>3214>3216,>3213>3215>3216	G,T
ref	184927	3184_3213	>3184>3213,>3184>3185>*>3212>3213	DEL,CPX
ref	186293	3209_3212	>3209>3210>3212,>3209>3211>3212	T,A
ref	186070	3206_3209	>3206>3207>3209,>3206>3208>3209	A,G
ref	185989	3203_3206	>3203>3204>3206,>3203>3205>3206	T,G
ref	185909	3200_3203	>3200>3201>3203,>3200>3202>3203	A,T
ref	185837	3197_3200	>3197>3198>3200,>3197>3199>3200	A,G
ref	185736	3194_3197	>3194>3195>3197,>3194>3196>3197	A,G
ref	185673	3191_3194	>3191>3192>3194,>3191>3193>3194	C,G
ref	185385	3188_3191	>3188>3189>3191,>3188>3190>3191	T,A
ref	185215	3185_3188	>3185>3186>3188,>3185>3187>3188	T,G
ref	184425	3176_3184	>3176>3184,>3176>3177>*>3183>3184	DEL,CPX
ref	184690	3180_3183	>3180>3181>3183,>3180>3182>3183	T,G
ref	184507	3177_3180	>3177>3178>3180,>3177>3179>3180	A,G
ref	184234	3173_3176	>3173>3174>3176,>3173>3175>3176	G,C
ref	184133	3171_3173	>3171>3173,>3171>3172>3173	DEL,INS
ref	184030	3168_3171	>3168>3169>3171,>3168>3170>3171	G,T
ref	183906	3165_3168	>3165>3166>3168,>3165>3167>3168	G,T
ref	183806	3162_3165	>3162>3163>3165,>3162>3164>3165	A,C
ref	183544	3160_3162	>3160>3162,>3160>3161>3162	DEL,INS
ref	183145	3158_3160	>3158>3160,>3158>3159>3160	DEL,INS
ref	182801	3156_3158	>3156>3158,>3156>3157>3158	DEL,INS
ref	182664	3153_3156	>3153>3154>3156,>3153>3155>3156	T,G
ref	182461	3150_3153	>3150>3151>3153,>3150>3152>3153	C,G
ref	182274	3147_3150	>3147>3148>3150,>3147>3149>3150	C,G
ref	182201	3144_3147	>3144>3145>3147,>3144>3146>3147	C,G
ref	182110	3141_3144	>3141>3142>3144,>3141>3143>3144	A,C
ref	182029	3138_3141	>3138>3139>3141,>3138>3140>3141	G,A
ref	181814	3135_3138	>3135>3136>3138,>3135>3137>3138	C,A
ref	181517	3132_3135	>3132>3133>3135,>3132>3134>3135	G,C
ref	181083	3130_3132	>3130>3132,>3130>3131>3132	DEL,INS
ref	180945	3127_3130	>3127>3128>3130,>3127>3129>3130	G,A
ref	180677	3113_3127	>3113>3127,>3113>3114>*>3126>3127	DEL,CPX
ref	180678	3123_3126	>3123>3124>3126,>3123>3125>3126	G,A
ref	180678	3120_3123	>3120>3121>3123,>3120>3122>3123	G,C
ref	180678	3117_3120	>3117>3118>3120,>3117>3119>3120	T,G
ref	180678	3114_3117	>3114>3115>3117,>3114>3116>3117	A,T
ref	180549	3111_3113	>3111>3113,>3111>3112>3113	DEL,INS
ref	180310	3108_3111	>3108>3109>3111,>3108>3110>3111	C,G
ref	179998	3106_3108	>3106>3108,>3106>3107>3108	DEL,INS
ref	179831	3103_3106	>3103>3104>3106,>3103>3105>3106	G,C
ref	179718	3100_3103	>3100>3101>3103,>3100>3102>3103	C,T
ref	179562	3097_3100	>3097>3098>3100,>3097>3099>3100	T,G
ref	179316	3092_3097	>3092>3097,>3092>3093>*>3096>3097	DEL,CPX
ref	179317	3093_3096	>3093>3094>3096,>3093>3095>3096	A,G
ref	179129	3089_3092	>3089>3090>3092,>3089>3091>3092	T,C
ref	178838	3087_3089	>3087>3089,>3087>3088>3089	DEL,INS
ref	177948	3076_3087	>3076>3087,>3076>3077>*>3086>3087	DEL,CPX
ref	178543	3083_3086	>3083>3084>3086,>3083>3085>3086	G,C
ref	178329	3080_3083	>3080>3081>3083,>3080>3082>3083	G,A
ref	178072	3077_3080	>3077>3078>3080,>3077>3079>3080	T,A
ref	177715	3073_3076	>3073>3074>3076,>3073>3075>3076	A,G
ref	177656	3070_3073	>3070>3071>3073,>3070>3072>3073	T,G
ref	177572	3067_3070	>3067>3068>3070,>3067>3069>3070	A,G
ref	177458	3064_3067	>3064>3065>3067,>3064>3066>3067	G,A
ref	177351	3062_3064	>3062>3064,>3062>3063>3064	DEL,INS
ref	177059	3059_3062	>3059>3060>3062,>3059>3061>3062	C,A
ref	176861	3056_3059	>3056>3057>3059,>3056>3058>3059	A,C
ref	176657	3054_3056	>3054>3056,>3054>3055>3056	DEL,INS
ref	176449	3046_3054	>3046>3054,>3046>3047>*>3053>3054	DEL,CPX
ref	176450	3050_3053	>3050>3051>3053,>3050>3052>3053	A,G
ref	176450	3047_3050	>3047>3048>3050,>3047>3049>3050	G,T
ref	176382	3043_3046	>3043>3044>3046,>3043>3045>3046	C,A
ref	176092	3040_3043	>3040>3041>3043,>3040>3042>3043	C,T
ref	176010	3037_3040	>3037>3038>3040,>3037>3039>3040	T,G
ref	175736	3034_3037	>3034>3035>3037,>3034>3036>3037	C,G
ref	175508	3031_3034	>3031>3032>3034,>3031>3033>3034	A,G
ref	175436	3028_3031	>3028>3029>3031,>3028>3030>3031	A,T
ref	175292	3025_3028	>3025>3026>3028,>3025>3027>3028	A,G
ref	175187	3022_3025	>3022>3023>3025,>3022>3024>3025	C,T
ref	174998	3019_3022	>3019>3020>3022,>3019>3021>3022	G,C
ref	174889	3016_3019	>3016>3017>3019,>3016>3018>3019	G,T
ref	174788	3014_3016	>3014>3016,>3014>3015>3016	DEL,INS
ref	174521	3011_3014	>3011>3012>3014,>3011>3013>3014	G,A
ref	174455	3008_3011	>3008>3009>3011,>3008>3010>3011	G,T
ref	174290	3005_3008	>3005>3006>3008,>3005>3007>3008	G,A
ref	171426	2964_3005	>2964>3005,>2964>2965>*>3004>3005	DEL,CPX
ref	173909	3001_3004	>3001>3002>3004,>3001>3003>3004	G,C
ref	173742	2998_3001	>2998>2999>3001,>2998>3000>3001	C,T
ref	173593	2995_2998	>2995>2996>2998,>2995>2997>2998	C,T
ref	173299	2992_2995	>2992>2993>2995,>2992>2994>2995	A,C
ref	173136	2989_2992	>2989>2990>2992,>2989>2991>2992	A,T
ref	172929	2986_2989	>2986>2987>2989,>2986>2988>2989	A,T
ref	172669	2983_2986	>2983>2984>2986,>2983>2985>2986	T,C
ref	172575	2980_2983	>2980>2981>2983,>2980>2982>2983	A,G
ref	172500	2977_2980	>2977>2978>2980,>2977>2979>2980	C,T
ref	172412	2974_2977	>2974>2975>2977,>2974>2976>2977	A,G
ref	172121	2971_2974	>2971>2972>2974,>2971>2973>2974	G,A
ref	171911	2968_2971	>2968>2969>2971,>2968>2970>2971	T,C
ref	171637	2965_2968	>2965>2966>2968,>2965>2967>2968	C,T
ref	171254	2961_2964	>2961>2962>2964,>2961>2963>2964	T,A
ref	171150	2958_2961	>2958>2959>2961,>2958>2960>2961	G,T
ref	170869	2955_2958	>2955>2956>2958,>2955>2957>2958	T,C
ref	170735	2947_2955	>2947>2955,>2947>2948>*>2954>2955	DEL,CPX
ref	170736	2951_2954	>2951>2952>2954,>2951>2953>2954	T,C
ref	170736	2948_2951	>2948>2949>2951,>2948>2950>2951	G,C
ref	170528	2942_2947	>2942>2947,>2942>2943>*>2946>2947	DEL,CPX
ref	170529	2943_2946	>2943>2944>2946,>2943>2945>2946	G,A
ref	170124	2937_2942	>2937>2942,>2937>2938>*>2941>2942	DEL,CPX
ref	170234	2938_2941	>2938>2939>2941,>2938>2940>2941	C,T
ref	170027	2934_2937	>2934>2935>2937,>2934>2936>2937	T,C
ref	169970	2931_2934	>2931>2932>2934,>2931>2933>2934	A,C
ref	169748	2928_2931	>2928>2929>2931,>2928>2930>2931	G,C
ref	169616	2925_2928	>2925>2926>2928,>2925>2927>2928	A,C
ref	169439	2922_2925	>2922>2923>2925,>2922>2924>2925	G,A
ref	169007	2920_2922	>2920>2922,>2920>2921>2922	DEL,INS
ref	168709	2917_2920	>2917>2918>2920,>2917>2919>2920	C,A
ref	167974	2906_2917	>2906>2917,>2906>2907>*>2916>2917	DEL,CPX
ref	168458	2913_2916	>2913>2914>2916,>2913>2915>2916	G,T
ref	168235	2910_2913	>2910>2911>2913,>2910>2912>2913	A,C
ref	168134	2907_2910	>2907>2908>2910,>2907>2909>2910	G,C
ref	167838	2903_2906	>2903>2904>2906,>2903>2905>2906	C,T
ref	167617	2900_2903	>2900>2901>2903,>2900>2902>2903	G,C
ref	167523	2897_2900	>2897>2898>2900,>2897>2899>2900	C,T
ref	167445	2894_2897	>2894>2895>2897,>2894>2896>2897	T,C
ref	167160	2892_2894	>2892>2894,>2892>2893>2894	DEL,INS
ref	166992	2889_2892	>2889>2890>2892,>2889>2891>2892	T,C
ref	166849	2886_2889	>2886>2887>2889,>2886>2888>2889	G,C
ref	166590	2884_2886	>2884>2886,>2884>2885>2886	DEL,INS
ref	166361	2881_2884	>2881>2882>2884,>2881>2883>2884	G,C
ref	166215	2878_2881	>2878>2879>2881,>2878>2880>2881	T,G
ref	166002	2875_2878	>2875>2876>2878,>2875>2877>2878	G,T
ref	165720	2872_2875	>2872>2873>2875,>2872>2874>2875	G,T
ref	164543	2855_2872	>2855>2872,>2855>2856>*>2871>2872	DEL,CPX
ref	165555	2868_2871	>2868>2869>2871,>2868>2870>2871	A,G
ref	165302	2865_2868	>2865>2866>2868,>2865>2867>2868	G,C
ref	165128	2862_2865	>2862>2863>2865,>2862>2864>2865	C,A
ref	165051	2859_2862	>2859>2860>2862,>2859>2861>2862	T,G
ref	164790	2856_2859	>2856>2857>2859,>2856>2858>2859	G,T
ref	164295	2852_2855	>2852>2853>2855,>2852>2854>2855	T,G
ref	162214	2823_2852	>2823>2852,>2823>2824>*>2851>2852	DEL,CPX
ref	164003	2848_2851	>2848>2849>2851,>2848>2850>2851	C,A
ref	163720	2845_2848	>2845>2846>2848,>2845>2847>2848	G,T
ref	163521	2842_2845	>2842>2843>2845,>2842>2844>2845	T,A
ref	163469	2839_2842	>2839>2840>2842,>2839>2841>2842	A,T
ref	163370	2836_2839	>2836>2837>2839,>2836>2838>2839	T,G
ref	163244	2833_2836	>2833>2834>2836,>2833>2835>2836	A,T
ref	163006	2830_2833	>2830>2831>2833,>2830>2832>2833	C,A
ref	162750	2827_2830	>2827>2828>2830,>2827>2829>2830	C,A
ref	162498	2824_2827	>2824>2825>2827,>2824>2826>2827	G,T
ref	162051	2820_2823	>2820>2821>2823,>2820>2822>2823	T,C
ref	161936	2817_2820	>2817>2818>2820,>2817>2819>2820	C,A
ref	160360	2797_2817	>2797>2817,>2797>2798>*>2816>2817	DEL,CPX
ref	161540	2813_2816	>2813>2814>2816,>2813>2815>2816	C,G
ref	161481	2810_2813	>2810>2811>2813,>2810>2812>2813	G,T
ref	161341	2807_2810	>2807>2808>2810,>2807>2809>2810	C,A
ref	161105	2804_2807	>2804>2805>2807,>2804>2806>2807	T,C
ref	160847	2801_2804	>2801>2802>2804,>2801>2803>2804	G,C
ref	160616	2798_2801	>2798>2799>2801,>2798>2800>2801	C,G
ref	160129	2794_2797	>2794>2795>2797,>2794>2796>2797	C,G
ref	160016	2791_2794	>2791>2792>2794,>2791>2793>2794	A,G
ref	159874	2788_2791	>2788>2789>2791,>2788>2790>2791	T,C
ref	159795	2785_2788	>2785>2786>2788,>2785>2787>2788	G,T
ref	159620	2782_2785	>2782>2783>2785,>2782>2784>2785	T,C
ref	159457	2779_2782	>2779>2780>2782,>2779>2781>2782	A,C
ref	159348	2776_2779	>2776>2777>2779,>2776>2778>2779	A,G
ref	159129	2773_2776	>2773>2774>2776,>2773>2775>2776	A,G
ref	158906	2753_2773	>2753>2773,>2753>2754>*>2772>2773	DEL,CPX
ref	158907	2769_2772	>2769>2770>2772,>2769>2771>2772	T,C
ref	158907	2766_2769	>2766>2767>2769,>2766>2768>2769	G,T
ref	158907	2763_2766	>2763>2764>2766,>2763>2765>2766	G,T
ref	158907	2760_2763	>2760>2761>2763,>2760>2762>2763	T,G
ref	158907	2757_2760	>2757>2758>2760,>2757>2759>2760	G,A
ref	158907	2754_2757	>2754>2755>2757,>2754>2756>2757	G,T
ref	158697	2750_2753	>2750>2751>2753,>2750>2752>2753	A,G
ref	158411	2747_2750	>2747>2748>2750,>2747>2749>2750	G,C
ref	158230	2744_2747	>2744>2745>2747,>2744>2746>2747	C,T
ref	157972	2741_2744	>2741>2742>2744,>2741>2743>2744	T,A
ref	157798	2738_2741	>2738>2739>2741,>2738>2740>2741	T,C
ref	157643	2735_2738	>2735>2736>2738,>2735>2737>2738	C,T
ref	156402	2718_2735	>2718>2735,>2718>2719>*>2734>2735	DEL,CPX
ref	157353	2731_2734	>2731>2732>2734,>2731>2733>2734	C,A
ref	157141	2728_2731	>2728>2729>2731,>2728>2730>2731	G,C
ref	156927	2725_2728	>2725>2726>2728,>2725>2727>2728	A,C
ref	156642	2722_2725	>2722>2723>2725,>2722>2724>2725	C,A
ref	156517	2719_2722	>2719>2720>2722,>2719>2721>2722	C,T
ref	156025	2716_2718	>2716>2718,>2716>2717>2718	DEL,INS
ref	155779	2713_2716	>2713>2714>2716,>2713>2715>2716	A,G
ref	155484	2710_2713	>2710>2711>2713,>2710>2712>2713	C,G
ref	155348	2707_2710	>2707>2708>2710,>2707>2709>2710	G,T
ref	155170	2704_2707	>2704>2705>2707,>2704>2706>2707	A,C
ref	155088	2699_2704	>2699>2704,>2699>2700>*>2703>2704	DEL,CPX
ref	155089	2700_2703	>2700>2701>2703,>2700>2702>2703	T,C
ref	154879	2696_2699	>2696>2697>2699,>2696>2698>2699	C,A
ref	154753	2693_2696	>2693>2694>2696,>2693>2695>2696	C,G
ref	154453	2691_2693	>2691>2693,>2691>2692>2693	DEL,INS
ref	154311	2689_2691	>2689>2691,>2689>2690>2691	DEL,INS
ref	154108	2686_2689	>2686>2687>2689,>2686>2688>2689	T,C
ref	154041	2666_2686	>2666>2686,>2666>2667>*>2685>2686	DEL,CPX
ref	154042	2682_2685	>2682>2683>2685,>2682>2684>2685	C,G
ref	154042	2679_2682	>2679>2680>2682,>2679>2681>2682	A,G
ref	154042	2676_2679	>2676>2677>2679,>2676>2678>2679	G,T
ref	154042	2673_2676	>2673>2674>2676,>2673>2675>2676	A,T
ref	154042	2670_2673	>2670>2671>2673,>2670>2672>2673	T,G
ref	154042	2667_2670	>2667>2668>2670,>2667>2669>2670	A,T
ref	152966	2652_2666	>2652>2666,>2652>2653>*>2665>2666	DEL,CPX
ref	153722	2662_2665	>2662>2663>2665,>2662>2664>2665	A,C
ref	153519	2659_2662	>2659>2660>2662,>2659>2661>2662	C,G
ref	153253	2656_2659	>2656>2657>2659,>2656>2658>2659	C,G
ref	153187	2653_2656	>2653>2654>2656,>2653>2655>2656	C,T
ref	152756	2649_2652	>2649>2650>2652,>2649>2651>2652	G,T
ref	152673	2646_2649	>2646>2647>2649,>2646>2648>2649	A,G
ref	152476	2643_2646	>2643>2644>2646,>2643>2645>2646	T,C
ref	152285	2641_2643	>2641>2643,>2641>2642>2643	DEL,INS
ref	152175	2638_2641	>2638>2639>2641,>2638>2640>2641	A,C
ref	151900	2635_2638	>2635>2636>2638,>2635>2637>2638	C,A
ref	151711	2632_2635	>2632>2633>2635,>2632>2634>2635	A,G
ref	151645	2629_2632	>2629>2630>2632,>2629>2631>2632	T,G
ref	151469	2627_2629	>2627>2629,>2627>2628>2629	DEL,INS
ref	150703	2616_2627	>2616>2627,>2616>2617>*>2626>2627	DEL,CPX
ref	151098	2623_2626	>2623>2624>2626,>2623>2625>2626	A,G
ref	150977	2620_2623	>2620>2621>2623,>2620>2622>2623	C,A
ref	150849	2617_2620	>2617>2618>2620,>2617>2619>2620	T,A
ref	150602	2602_2616	>2602>2616,>2602>2603>*>2615>2616	DEL,CPX
ref	150603	2612_2615	>2612>2613>2615,>2612>2614>2615	G,C
ref	150603	2609_2612	>2609>2610>2612,>2609>2611>2612	G,T
ref	150603	2606_2609	>2606>2607>2609,>2606>2608>2609	T,G
ref	150603	2603_2606	>2603>2604>2606,>2603>2605>2606	G,T
ref	150309	2599_2602	>2599>2600>2602,>2599>2601>2602	T,A
ref	150056	2596_2599	>2596>2597>2599,>2596>2598>2599	T,G
ref	149903	2593_2596	>2593>2594>2596,>2593>2595>2596	T,A
ref	149668	2590_2593	>2590>2591>2593,>2590>2592>2593	A,G
ref	149243	2588_2590	>2588>2590,>2588>2589>2590	DEL,INS
ref	148975	2577_2588	>2577>2588,>2577>2578>*>2587>2588	DEL,CPX
ref	148976	2584_2587	>2584>2585>2587,>2584>2586>2587	C,G
ref	148976	2581_2584	>2581>2582>2584,>2581>2583>2584	A,C
ref	148976	2578_2581	>2578>2579>2581,>2578>2580>2581	G,C
ref	148773	2574_2577	>2574>2575>2577,>2574>2576>2577	A,T
ref	148511	2571_2574	>2571>2572>2574,>2571>2573>2574	G,T
ref	148311	2568_2571	>2568>2569>2571,>2568>2570>2571	G,A
ref	148014	2565_2568	>2565>2566>2568,>2565>2567>2568	T,A
ref	147763	2562_2565	>2562>2563>2565,>2562>2564>2565	A,T
ref	147576	2559_2562	>2559>2560>2562,>2559>2561>2562	T,A
ref	147363	2557_2559	>2557>2559,>2557>2558>2559	DEL,INS
ref	147128	2554_2557	>2554>2555>2557,>2554>2556>2557	A,T
ref	146920	2552_2554	>2552>2554,>2552>2553>2554	DEL,INS
ref	146645	2549_2552	>2549>2550>2552,>2549>2551>2552	A,T
ref	146380	2546_2549	>2546>2547>2549,>2546>2548>2549	A,G
ref	146118	2538_2546	>2538>2546,>2538>2539>*>2545>2546	DEL,CPX
ref	146119	2542_2545	>2542>2543>2545,>2542>2544>2545	G,A
ref	146119	2539_2542	>2539>2540>2542,>2539>2541>2542	A,T
ref	145971	2535_2538	>2535>2536>2538,>2535>2537>2538	T,C
ref	145733	2532_2535	>2532>2533>2535,>2532>2534>2535	A,T
ref	145642	2529_2532	>2529>2530>2532,>2529>2531>2532	T,G
ref	145373	2526_2529	>2526>2527>2529,>2526>2528>2529	A,T
ref	145083	2524_2526	>2524>2526,>2524>2525>2526	DEL,INS
ref	144807	2504_2524	>2504>2524,>2504>2505>*>2523>2524	DEL,CPX
ref	144808	2520_2523	>2520>2521>2523,>2520>2522>2523	C,G
ref	144808	2517_2520	>2517>2518>2520,>2517>2519>2520	T,A
ref	144808	2514_2517	>2514>2515>2517,>2514>2516>2517	G,A
ref	144808	2511_2514	>2511>2512>2514,>2511>2513>2514	C,T
ref	144808	2508_2511	>2508>2509>2511,>2508>2510>2511	G,T
ref	144808	2505_2508	>2505>2506>2508,>2505>2507>2508	A,C
ref	144689	2501_2504	>2501>2502>2504,>2501>2503>2504	G,T
ref	144565	2498_2501	>2498>2499>2501,>2498>2500>2501	C,A
ref	144248	2496_2498	>2496>2498,>2496>2497>2498	DEL,INS
ref	144093	2493_2496	>2493>2494>2496,>2493>2495>2496	T,A
ref	143301	2482_2493	>2482>2493,>2482>2483>*>2492>2493	DEL,CPX
ref	143868	2489_2492	>2489>2490>2492,>2489>2491>2492	A,C
ref	143578	2486_2489	>2486>2487>2489,>2486>2488>2489	G,A
ref	143468	2483_2486	>2483>2484>2486,>2483>2485>2486	C,A
ref	143163	2479_2482	>2479>2480>2482,>2479>2481>2482	A,T
ref	142942	2476_2479	>2476>2477>2479,>2476>2478>2479	C,A
ref	142111	2468_2476	>2468>2476,>2468>2469>*>2475>2476	DEL,CPX
ref	142586	2472_2475	>2472>2473>2475,>2472>2474>2475	C,G
ref	142371	2469_2472	>2469>2470>2472,>2469>2471>2472	C,A
ref	141851	2465_2468	>2465>2466>2468,>2465>2467>2468	T,C
ref	141750	2462_2465	>2462>2463>2465,>2462>2464>2465	A,T
ref	141514	2459_2462	>2459>2460>2462,>2459>2461>2462	T,A
ref	141330	2456_2459	>2456>2457>2459,>2456>2458>2459	G,A
ref	141105	2453_2456	>2453>2454>2456,>2453>2455>2456	A,G
ref	140796	2451_2453	>2451>2453,>2451>2452>2453	DEL,INS
ref	140715	2448_2451	>2448>2449>2451,>2448>2450>2451	T,A
ref	140571	2445_2448	>2445>2446>2448,>2445>2447>2448	A,G
ref	139795	2434_2445	>2434>2445,>2434>2435>*>2444>2445	DEL,CPX
ref	140231	2441_2444	>2441>2442>2444,>2441>2443>2444	G,C
ref	140150	2438_2441	>2438>2439>2441,>2438>2440>2441	G,T
ref	139938	2435_2438	>2435>2436>2438,>2435>2437>2438	A,G
ref	139737	2431_2434	>2431>2432>2434,>2431>2433>2434	T,A
ref	139520	2428_2431	>2428>2429>2431,>2428>2430>2431	C,G
ref	139223	2425_2428	>2425>2426>2428,>2425>2427>2428	C,A
ref	138647	2420_2425	>2420>2425,>2420>2421>*>2424>2425	DEL,CPX
ref	138733	2421_2424	>2421>2422>2424,>2421>2423>2424	T,C
ref	138488	2403_2420	>2403>2420,>2403>2404>*>2419>2420	DEL,CPX
ref	138489	2416_2419	>2416>2417>2419,>2416>2418>2419	G,T
ref	138489	2413_2416	>2413>2414>2416,>2413>2415>2416	A,C
ref	138489	2410_2413	>2410>2411>2413,>2410>2412>2413	C,G
ref	138489	2407_2410	>2407>2408>2410,>2407>2409>2410	G,T
ref	138489	2404_2407	>2404>2405>2407,>2404>2406>2407	A,T
ref	138251	2400_2403	>2400>2401>2403,>2400>2402>2403	C,T
ref	137954	2397_2400	>2397>2398>2400,>2397>2399>2400	C,A
ref	137793	2394_2397	>2394>2395>2397,>2394>2396>2397	T,G
ref	137609	2391_2394	>2391>2392>2394,>2391>2393>2394	G,C
ref	137439	2388_2391	>2388>2389>2391,>2388>2390>2391	G,A
ref	137351	2385_2388	>2385>2386>2388,>2385>2387>2388	T,G
ref	137189	2382_2385	>2382>2383>2385,>2382>2384>2385	A,G
ref	136893	2379_2382	>2379>2380>2382,>2379>2381>2382	T,G
ref	136692	2374_2379	>2374>2379,>2374>2375>*>2378>2379	DEL,CPX
ref	136693	2375_2378	>2375>2376>2378,>2375>2377>2378	A,T
ref	136452	2371_2374	>2371>2372>2374,>2371>2373>2374	C,G
ref	136175	2369_2371	>2369>2371,>2369>2370>2371	DEL,INS
ref	135647	2367_2369	>2367>2369,>2367>2368>2369	DEL,INS
ref	135564	2364_2367	>2364>2365>2367,>2364>2366>2367	C,G
ref	135285	2361_2364	>2361>2362>2364,>2361>2363>2364	C,G
ref	135069	2358_2361	>2358>2359>2361,>2358>2360>2361	G,T
ref	134854	2355_2358	>2355>2356>2358,>2355>2357>2358	G,C
ref	134664	2352_2355	>2352>2353>2355,>2352>2354>2355	G,T
ref	134449	2349_2352	>2349>2350>2352,>2349>2351>2352	C,T
ref	134326	2346_2349	>2346>2347>2349,>2346>2348>2349	G,C
ref	134037	2344_2346	>2344>2346,>2344>2345>2346	DEL,INS
ref	133856	2341_2344	>2341>2342>2344,>2341>2343>2344	T,G
ref	133640	2339_2341	>2339>2341,>2339>2340>2341	DEL,INS
ref	133466	2336_2339	>2336>2337>2339,>2336>2338>2339	T,A
ref	133369	2333_2336	>2333>2334>2336,>2333>2335>2336	T,A
ref	133283	2330_2333	>2330>2331>2333,>2330>2332>2333	A,T
ref	133075	2327_2330	>2327>2328>2330,>2327>2329>2330	A,T
ref	133018	2324_2327	>2324>2325>2327,>2324>2326>2327	A,T
ref	132758	2321_2324	>2321>2322>2324,>2321>2323>2324	G,C
ref	132500	2318_2321	>2318>2319>2321,>2318>2320>2321	T,A
ref	132368	2315_2318	>2315>2316>2318,>2315>2317>2318	G,C
ref	132109	2312_2315	>2312>2313>2315,>2312>2314>2315	A,T
ref	131899	2307_2312	>2307>2312,>2307>2308>*>2311>2312	DEL,CPX
ref	131900	2308_2311	>2308>2309>2311,>2308>2310>2311	T,G
ref	131811	2304_2307	>2304>2305>2307,>2304>2306>2307	A,G
ref	131691	2301_2304	>2301>2302>2304,>2301>2303>2304	T,C
ref	131477	2298_2301	>2298>2299>2301,>2298>2300>2301	G,T
ref	131181	2295_2298	>2295>2296>2298,>2295>2297>2298	T,C
ref	130883	2292_2295	>2292>2293>2295,>2292>2294>2295	G,C
ref	130733	2289_2292	>2289>2290>2292,>2289>2291>2292	T,A
ref	130567	2287_2289	>2287>2289,>2287>2288>2289	DEL,INS
ref	130484	2282_2287	>2282>2287,>2282>2283>*>2286>2287	DEL,CPX
ref	130485	2283_2286	>2283>2284>2286,>2283>2285>2286	G,A
ref	130386	2279_2282	>2279>2280>2282,>2279>2281>2282	G,A
ref	130091	2277_2279	>2277>2279,>2277>2278>2279	DEL,INS
ref	129950	2269_2277	>2269>2277,>2269>2270>*>2276>2277	DEL,CPX
ref	129951	2273_2276	>2273>2274>2276,>2273>2275>2276	A,G
ref	129951	2270_2273	>2270>2271>2273,>2270>2272>2273	C,A
ref	129844	2266_2269	>2266>2267>2269,>2266>2268>2269	T,C
ref	129766	2263_2266	>2263>2264>2266,>2263>2265>2266	T,G
ref	129361	2258_2263	>2258>2263,>2258>2259>*>2262>2263	DEL,CPX
ref	129621	2259_2262	>2259>2260>2262,>2259>2261>2262	A,C
ref	129266	2255_2258	>2255>2256>2258,>2255>2257>2258	G,A
ref	129088	2252_2255	>2252>2253>2255,>2252>2254>2255	T,A
ref	129003	2250_2252	>2250>2252,>2250>2251>2252	DEL,INS
ref	128866	2247_2250	>2247>2248>2250,>2247>2249>2250	T,G
ref	128734	2244_2247	>2244>2245>2247,>2244>2246>2247	A,G
ref	128550	2241_2244	>2241>2242>2244,>2241>2243>2244	G,A
ref	128465	2239_2241	>2239>2241,>2239>2240>2241	DEL,INS
ref	128382	2236_2239	>2236>2237>2239,>2236>2238>2239	A,G
ref	128280	2233_2236	>2233>2234>2236,>2233>2235>2236	G,A
ref	128128	2230_2233	>2230>2231>2233,>2230>2232>2233	A,C
ref	127884	2228_2230	>2228>2230,>2228>2229>2230	DEL,INS
ref	127730	2225_2228	>2225>2226>2228,>2225>2227>2228	C,T
ref	127610	2222_2225	>2222>2223>2225,>2222>2224>2225	A,C
ref	127545	2193_2222	>2193>2222,>2193>2194>*>2221>2222	DEL,CPX
ref	127546	2218_2221	>2218>2219>2221,>2218>2220>2221	T,A
ref	127546	2215_2218	>2215>2216>2218,>2215>2217>2218	G,T
ref	127546	2212_2215	>2212>2213>2215,>2212>2214>2215	C,A
ref	127546	2209_2212	>2209>2210>2212,>2209>2211>2212	A,C
ref	127546	2206_2209	>2206>2207>2209,>2206>2208>2209	T,A
ref	127546	2203_2206	>2203>2204>2206,>2203>2205>2206	A,G
ref	127546	2200_2203	>2200>2201>2203,>2200>2202>2203	A,T
ref	127546	2197_2200	>2197>2198>2200,>2197>2199>2200	T,C
ref	127546	2194_2197	>2194>2195>2197,>2194>2196>2197	T,C
ref	127447	2190_2193	>2190>2191>2193,>2190>2192>2193	G,A
ref	127305	2167_2190	>2167>2190,>2167>2168>*>2189>2190	DEL,CPX
ref	127306	2186_2189	>2186>2187>2189,>2186>2188>2189	T,A
ref	127306	2183_2186	>2183>2184>2186,>2183>2185>2186	A,T
ref	127306	2180_2183	>2180>2181>2183,>2180>2182>2183	A,G
ref	127306	2177_2180	>2177>2178>2180,>2177>2179>2180	A,T
ref	127306	2174_2177	>2174>2175>2177,>2174>2176>2177	C,A
ref	127306	2171_2174	>2171>2172>2174,>2171>2173>2174	T,A
ref	127306	2168_2171	>2168>2169>2171,>2168>2170>2171	G,C
ref	127194	2164_2167	>2164>2165>2167,>2164>2166>2167	T,A
ref	126947	2161_2164	>2161>2162>2164,>2161>2163>2164	A,G
ref	126534	2159_2161	>2159>2161,>2159>2160>2161	DEL,INS
ref	126406	2156_2159	>2156>2157>2159,>2156>2158>2159	A,T
ref	126131	2153_2156	>2153>2154>2156,>2153>2155>2156	G,T
ref	126060	2151_2153	>2151>2153,>2151>2152>2153	DEL,INS
ref	124977	2137_2151	>2137>2151,>2137>2138>*>2150>2151	DEL,CPX
ref	125740	2147_2150	>2147>2148>2150,>2147>2149>2150	A,G
ref	125563	2144_2147	>2144>2145>2147,>2144>2146>2147	T,C
ref	125275	2141_2144	>2141>2142>2144,>2141>2143>2144	C,T
ref	125056	2138_2141	>2138>2139>2141,>2138>2140>2141	A,C
ref	124731	2134_2137	>2134>2135>2137,>2134>2136>2137	G,T
ref	124641	2131_2134	>2131>2132>2134,>2131>2133>2134	G,T
ref	124469	2129_2131	>2129>2131,>2129>2130>2131	DEL,INS
ref	124247	2126_2129	>2126>2127>2129,>2126>2128>2129	A,G
ref	124188	2121_2126	>2121>2126,>2121>2122>*>2125>2126	DEL,CPX
ref	124189	2122_2125	>2122>2123>2125,>2122>2124>2125	T,A
ref	124058	2113_2121	>2113>2121,>2113>2114>*>2120>2121	DEL,CPX
ref	124059	2117_2120	>2117>2118>2120,>2117>2119>2120	T,G
ref	124059	2114_2117	>2114>2115>2117,>2114>2116>2117	A,C
ref	123822	2110_2113	>2110>2111>2113,>2110>2112>2113	T,G
ref	123617	2108_2110	>2108>2110,>2108>2109>2110	DEL,INS
ref	123530	2105_2108	>2105>2106>2108,>2105>2107>2108	A,C
ref	123258	2102_2105	>2102>2103>2105,>2102>2104>2105	T,A
ref	122971	2099_2102	>2099>2100>2102,>2099>2101>2102	C,G
ref	122879	2096_2099	>2096>2097>2099,>2096>2098>2099	C,T
ref	122653	2093_2096	>2093>2094>2096,>2093>2095>2096	A,G
ref	122587	2090_2093	>2090>2091>2093,>2090>2092>2093	G,C
ref	122358	2087_2090	>2087>2088>2090,>2087>2089>2090	G,T
ref	122290	2085_2087	>2085>2087,>2085>2086>2087	DEL,INS
ref	122223	2082_2085	>2082>2083>2085,>2082>2084>2085	C,A
ref	122102	2079_2082	>2079>2080>2082,>2079>2081>2082	T,C
ref	122013	2076_2079	>2076>2077>2079,>2076>2078>2079	T,A
ref	121936	2073_2076	>2073>2074>2076,>2073>2075>2076	T,G
ref	121665	2070_2073	>2070>2071>2073,>2070>2072>2073	G,C
ref	121504	2067_2070	>2067>2068>2070,>2067>2069>2070	A,G
ref	121344	2064_2067	>2064>2065>2067,>2064>2066>2067	C,A
ref	121206	2061_2064	>2061>2062>2064,>2061>2063>2064	C,T
ref	120947	2058_2061	>2058>2059>2061,>2058>2060>2061	T,A
ref	120829	2055_2058	>2055>2056>2058,>2055>2057>2058	C,G
ref	120724	2052_2055	>2052>2053>2055,>2052>2054>2055	G,T
ref	120483	2049_2052	>2049>2050>2052,>2049>2051>2052	G,C
ref	120345	2046_2049	>2046>2047>2049,>2046>2048>2049	T,A
ref	120215	2043_2046	>2043>2044>2046,>2043>2045>2046	C,G
ref	119190	2026_2043	>2026>2043,>2026>2027>*>2042>2043	DEL,CPX
ref	119998	2039_2042	>2039>2040>2042,>2039>2041>2042	A,T
ref	119852	2036_2039	>2036>2037>2039,>2036>2038>2039	T,G
ref	119608	2033_2036	>2033>2034>2036,>2033>2035>2036	T,C
ref	119545	2030_2033	>2030>2031>2033,>2030>2032>2033	G,A
ref	119370	2027_2030	>2027>2028>2030,>2027>2029>2030	C,A
ref	118966	2023_2026	>2023>2024>2026,>2023>2025>2026	T,A
ref	118759	2012_2023	>2012>2023,>2012>2013>*>2022>2023	DEL,CPX
ref	118760	2019_2022	>2019>2020>2022,>2019>2021>2022	C,A
ref	118760	2016_2019	>2016>2017>2019,>2016>2018>2019	T,G
ref	118760	2013_2016	>2013>2014>2016,>2013>2015>2016	A,T
ref	118570	2009_2012	>2009>2010>2012,>2009>2011>2012	C,T
ref	118516	2007_2009	>2007>2009,>2007>2008>2009	DEL,INS
ref	118341	2004_2007	>2004>2005>2007,>2004>2006>2007	A,T
ref	118197	2002_2004	>2002>2004,>2002>2003>2004	DEL,INS
ref	117599	1991_2002	>1991>2002,>1991>1992>*>2001>2002	DEL,CPX
ref	118009	1998_2001	>1998>1999>2001,>1998>2000>2001	G,C
ref	117838	1995_1998	>1995>1996>1998,>1995>1997>1998	G,A
ref	117739	1992_1995	>1992>1993>1995,>1992>1994>1995	A,T
ref	117541	1988_1991	>1988>1989>1991,>1988>1990>1991	C,G
ref	117305	1985_1988	>1985>1986>1988,>1985>1987>1988	A,G
ref	117179	1982_1985	>1982>1983>1985,>1982>1984>1985	A,G
ref	117115	1979_1982	>1979>1980>1982,>1979>1981>1982	A,C
ref	117045	1965_1979	>1965>1979,>1965>1966>*>1978>1979	DEL,CPX
ref	117046	1975_1978	>1975>1976>1978,>1975>1977>1978	T,A
ref	117046	1972_1975	>1972>1973>1975,>1972>1974>1975	C,G
ref	117046	1969_1972	>1969>1970>1972,>1969>1971>1972	T,G
ref	117046	1966_1969	>1966>1967>1969,>1966>1968>1969	C,G
ref	116850	1962_1965	>1962>1963>1965,>1962>1964>1965	C,T
ref	116791	1959_1962	>1959>1960>1962,>1959>1961>1962	T,G
ref	116584	1956_1959	>1956>1957>1959,>1956>1958>1959	C,A
ref	116395	1953_1956	>1953>1954>1956,>1953>1955>1956	A,T
ref	116133	1950_1953	>1950>1951>1953,>1950>1952>1953	A,C
ref	115983	1947_1950	>1947>1948>1950,>1947>1949>1950	T,A
ref	115873	1944_1947	>1944>1945>1947,>1944>1946>1947	C,A
ref	115782	1941_1944	>1941>1942>1944,>1941>1943>1944	C,T
ref	115641	1938_1941	>1938>1939>1941,>1938>1940>1941	A,C
ref	115512	1935_1938	>1935>1936>1938,>1935>1937>1938	T,C
ref	115368	1924_1935	>1924>1935,>1924>1925>*>1934>1935	DEL,CPX
ref	115369	1931_1934	>1931>1932>1934,>1931>1933>1934	T,C
ref	115369	1928_1931	>1928>1929>1931,>1928>1930>1931	G,C
ref	115369	1925_1928	>1925>1926>1928,>1925>1927>1928	T,C
ref	115086	1921_1924	>1921>1922>1924,>1921>1923>1924	A,C
ref	114799	1918_1921	>1918>1919>1921,>1918>1920>1921	C,A
ref	114132	1910_1918	>1910>1918,>1910>1911>*>1917>1918	DEL,CPX
ref	114501	1914_1917	>1914>1915>1917,>1914>1916>1917	T,C
ref	114384	1911_1914	>1911>1912>1914,>1911>1913>1914	A,G
ref	114018	1908_1910	>1908>1910,>1908>1909>1910	DEL,INS
ref	113965	1905_1908	>1905>1906>1908,>1905>1907>1908	C,T
ref	113678	1902_1905	>1902>1903>1905,>1902>1904>1905	G,C
ref	113557	1899_1902	>1899>1900>1902,>1899>1901>1902	A,G
ref	113304	1896_1899	>1896>1897>1899,>1896>1898>1899	T,C
ref	113122	1893_1896	>1893>1894>1896,>1893>1895>1896	T,C
ref	112602	1891_1893	>1891>1893,>1891>1892>1893	DEL,INS
ref	112478	1880_1891	>1880>1891,>1880>1881>*>1890>1891	DEL,CPX
ref	112479	1887_1890	>1887>1888>1890,>1887>1889>1890	G,A
ref	112479	1884_1887	>1884>1885>1887,>1884>1886>1887	G,C
ref	112479	1881_1884	>1881>1882>1884,>1881>1883>1884	G,A
ref	112313	1877_1880	>1877>1878>1880,>1877>1879>1880	C,A
ref	112138	1874_1877	>1874>1875>1877,>1874>1876>1877	A,G
ref	112036	1872_1874	>1872>1874,>1872>1873>1874	DEL,INS
ref	111898	1869_1872	>1869>1870>1872,>1869>1871>1872	C,T
ref	111690	1866_1869	>1866>1867>1869,>1866>1868>1869	C,G
ref	111348	1864_1866	>1864>1866,>1864>1865>1866	DEL,INS
ref	111215	1861_1864	>1861>1862>1864,>1861>1863>1864	G,C
ref	110948	1858_1861	>1858>1859>1861,>1858>1860>1861	C,A
ref	110734	1855_1858	>1855>1856>1858,>1855>1857>1858	G,C
ref	110605	1852_1855	>1852>1853>1855,>1852>1854>1855	C,T
ref	110431	1850_1852	>1850>1852,>1850>1851>1852	DEL,INS
ref	110221	1847_1850	>1847>1848>1850,>1847>1849>1850	T,A
ref	109855	1845_1847	>1845>1847,>1845>1846>1847	DEL,INS
ref	109748	1842_1845	>1842>1843>1845,>1842>1844>1845	G,C
ref	109503	1839_1842	>1839>1840>1842,>1839>1841>1842	T,C
ref	109391	1836_1839	>1836>1837>1839,>1836>1838>1839	T,C
ref	109143	1831_1836	>1831>1836,>1831>1832>*>1835>1836	DEL,CPX
ref	109144	1832_1835	>1832>1833>1835,>1832>1834>1835	T,C
ref	108944	1808_1831	>1808>1831,>1808>1809>*>1830>1831	DEL,CPX
ref	108945	1827_1830	>1827>1828>1830,>1827>1829>1830	A,C
ref	108945	1824_1827	>1824>1825>1827,>1824>1826>1827	G,T
ref	108945	1821_1824	>1821>1822>1824,>1821>1823>1824	C,T
ref	108945	1818_1821	>1818>1819>1821,>1818>1820>1821	T,C
ref	108945	1815_1818	>1815>1816>1818,>1815>1817>1818	C,T
ref	108945	1812_1815	>1812>1813>1815,>1812>1814>1815	G,A
ref	108945	1809_1812	>1809>1810>1812,>1809>1811>1812	G,C
ref	108780	1805_1808	>1805>1806>1808,>1805>1807>1808	C,G
ref	108680	1802_1805	>1802>1803>1805,>1802>1804>1805	A,T
ref	108492	1800_1802	>1800>1802,>1800>1801>1802	DEL,INS
ref	108370	1797_1800	>1797>1798>1800,>1797>1799>1800	A,G
ref	108290	1792_1797	>1792>1797,>1792>1793>*>1796>1797	DEL,CPX
ref	108291	1793_1796	>1793>1794>1796,>1793>1795>1796	T,A
ref	108127	1789_1792	>1789>1790>1792,>1789>1791>1792	A,T
ref	107829	1786_1789	>1786>1787>1789,>1786>1788>1789	G,T
ref	107707	1783_1786	>1783>1784>1786,>1783>1785>1786	C,T
ref	107479	1780_1783	>1780>1781>1783,>1780>1782>1783	A,C
ref	107413	1777_1780	>1777>1778>1780,>1777>1779>1780	G,A
ref	107251	1775_1777	>1775>1777,>1775>1776>1777	DEL,INS
ref	107109	1772_1775	>1772>1773>1775,>1772>1774>1775	G,T
ref	107041	1769_1772	>1769>1770>1772,>1769>1771>1772	A,G
ref	106934	1766_1769	>1766>1767>1769,>1766>1768>1769	C,A
ref	106279	1758_1766	>1758>1766,>1758>1759>*>1765>1766	DEL,CPX
ref	106525	1762_1765	>1762>1763>1765,>1762>1764>1765	A,T
ref	106456	1759_1762	>1759>1760>1762,>1759>1761>1762	A,G
ref	106043	1755_1758	>1755>1756>1758,>1755>1757>1758	A,C
ref	105860	1752_1755	>1752>1753>1755,>1752>1754>1755	C,G
ref	105681	1749_1752	>1749>1750>1752,>1749>1751>1752	T,G
ref	105392	1746_1749	>1746>1747>1749,>1746>1748>1749	C,T
ref	105100	1743_1746	>1743>1744>1746,>1743>1745>1746	C,T
ref	104811	1740_1743	>1740>1741>1743,>1740>1742>1743	T,G
ref	104669	1737_1740	>1737>1738>1740,>1737>1739>1740	T,A
ref	104565	1734_1737	>1734>1735>1737,>1734>1736>1737	T,G
ref	104454	1732_1734	>1732>1734,>1732>1733>1734	DEL,INS
ref	104196	1729_1732	>1729>1730>1732,>1729>1731>1732	C,G
ref	104023	1726_1729	>1726>1727>1729,>1726>1728>1729	C,A
ref	103874	1723_1726	>1723>1724>1726,>1723>1725>1726	A,C
ref	103773	1720_1723	>1720>1721>1723,>1720>1722>1723	C,A
ref	103473	1709_1720	>1709>1720,>1709>1710>*>1719>1720	DEL,CPX
ref	103474	1716_1719	>1716>1717>1719,>1716>1718>1719	T,G
ref	103474	1713_1716	>1713>1714>1716,>1713>1715>1716	G,C
ref	103474	1710_1713	>1710>1711>1713,>1710>1712>1713	C,G
ref	103181	1706_1709	>1706>1707>1709,>1706>1708>1709	T,A
ref	103101	1703_1706	>1703>1704>1706,>1703>1705>1706	G,C
ref	103023	1700_1703	>1700>1701>1703,>1700>1702>1703	C,G
ref	102756	1697_1700	>1697>1698>1700,>1697>1699>1700	T,C
ref	102685	1694_1697	>1694>1695>1697,>1694>1696>1697	T,A
ref	102407	1691_1694	>1691>1692>1694,>1691>1693>1694	C,G
ref	102281	1688_1691	>1688>1689>1691,>1688>1690>1691	T,A
ref	102138	1685_1688	>1685>1686>1688,>1685>1687>1688	A,T
ref	101918	1682_1685	>1682>1683>1685,>1682>1684>1685	T,C
ref	101137	1668_1682	>1668>1682,>1668>1669>*>1681>1682	DEL,CPX
ref	101639	1678_1681	>1678>1679>1681,>1678>1680>1681	G,T
ref	101500	1675_1678	>1675>1676>1678,>1675>1677>1678	T,C
ref	101429	1672_1675	>1672>1673>1675,>1672>1674>1675	T,C
ref	101344	1669_1672	>1669>1670>1672,>1669>1671>1672	C,T
ref	101052	1665_1668	>1665>1666>1668,>1665>1667>1668	T,G
ref	100730	1663_1665	>1663>1665,>1663>1664>1665	DEL,INS
ref	100520	1660_1663	>1660>1661>1663,>1660>1662>1663	T,A
ref	100463	1657_1660	>1657>1658>1660,>1657>1659>1660	C,T
ref	100105	1652_1657	>1652>1657,>1652>1653>*>1656>1657	DEL,CPX
ref	100231	1653_1656	>1653>1654>1656,>1653>1655>1656	G,A
ref	99762	1650_1652	>1650>1652,>1650>1651>1652	DEL,INS
ref	99604	1647_1650	>1647>1648>1650,>1647>1649>1650	A,G
ref	99329	1644_1647	>1644>1645>1647,>1644>1646>1647	A,T
ref	98884	1639_1644	>1639>1644,>1639>1640>*>1643>1644	DEL,CPX
ref	99030	1640_1643	>1640>1641>1643,>1640>1642>1643	T,C
ref	98652	1636_1639	>1636>1637>1639,>1636>1638>1639	T,G
ref	98552	1633_1636	>1633>1634>1636,>1633>1635>1636	G,T
ref	98382	1630_1633	>1630>1631>1633,>1630>1632>1633	T,G
ref	98155	1627_1630	>1627>1628>1630,>1627>1629>1630	A,T
ref	97877	1607_1627	>1607>1627,>1607>1608>*>1626>1627	DEL,CPX
ref	97878	1623_1626	>1623>1624>1626,>1623>1625>1626	T,A
ref	97878	1620_1623	>1620>1621>1623,>1620>1622>1623	A,C
ref	97878	1617_1620	>1617>1618>1620,>1617>1619>1620	G,T
ref	97878	1614_1617	>1614>1615>1617,>1614>1616>1617	C,G
ref	97878	1611_1614	>1611>1612>1614,>1611>1613>1614	T,G
ref	97878	1608_1611	>1608>1609>1611,>1608>1610>1611	T,A
ref	97755	1604_1607	>1604>1605>1607,>1604>1606>1607	G,A
ref	97572	1584_1604	>1584>1604,>1584>1585>*>1603>1604	DEL,CPX
ref	97573	1600_1603	>1600>1601>1603,>1600>1602>1603	A,G
ref	97573	1597_1600	>1597>1598>1600,>1597>1599>1600	C,G
ref	97573	1594_1597	>1594>1595>1597,>1594>1596>1597	T,G
ref	97573	1591_1594	>1591>1592>1594,>1591>1593>1594	G,T
ref	97573	1588_1591	>1588>1589>1591,>1588>1590>1591	T,A
ref	97573	1585_1588	>1585>1586>1588,>1585>1587>1588	C,T
ref	95582	1558_1584	>1558>1584,>1558>1559>*>1583>1584	DEL,CPX
ref	97153	1580_1583	>1580>1581>1583,>1580>1582>1583	C,T
ref	96999	1577_1580	>1577>1578>1580,>1577>1579>1580	C,G
ref	96895	1574_1577	>1574>1575>1577,>1574>1576>1577	G,C
ref	96662	1571_1574	>1571>1572>1574,>1571>1573>1574	A,T
ref	96454	1568_1571	>1568>1569>1571,>1568>1570>1571	A,G
ref	96220	1565_1568	>1565>1566>1568,>1565>1567>1568	T,G
ref	95955	1562_1565	>1562>1563>1565,>1562>1564>1565	G,C
ref	95779	1559_1562	>1559>1560>1562,>1559>1561>1562	T,A
ref	95391	1555_1558	>1555>1556>1558,>1555>1557>1558	G,A
ref	95327	1552_1555	>1552>1553>1555,>1552>1554>1555	C,T
ref	94987	1550_1552	>1550>1552,>1550>1551>1552	DEL,INS
ref	94700	1547_1550	>1547>1548>1550,>1547>1549>1550	C,G
ref	94460	1545_1547	>1545>1547,>1545>1546>1547	DEL,INS
ref	94311	1534_1545	>1534>1545,>1534>1535>*>1544>1545	DEL,CPX
ref	94312	1541_1544	>1541>1542>1544,>1541>1543>1544	G,A
ref	94312	1538_1541	>1538>1539>1541,>1538>1540>1541	C,T
ref	94312	1535_1538	>1535>1536>1538,>1535>1537>1538	C,A
ref	94168	1531_1534	>1531>1532>1534,>1531>1533>1534	T,G
ref	93959	1528_1531	>1528>1529>1531,>1528>1530>1531	A,T
ref	91929	1499_1528	>1499>1528,>1499>1500>*>1527>1528	DEL,CPX
ref	93501	1524_1527	>1524>1525>1527,>1524>1526>1527	C,G
ref	93323	1521_1524	>1521>1522>1524,>1521>1523>1524	A,T
ref	93189	1518_1521	>1518>1519>1521,>1518>1520>1521	T,C
ref	93070	1515_1518	>1515>1516>1518,>1515>1517>1518	A,C
ref	92879	1512_1515	>1512>1513>1515,>1512>1514>1515	A,G
ref	92721	1509_1512	>1509>1510>1512,>1509>1511>1512	A,T
ref	92426	1506_1509	>1506>1507>1509,>1506>1508>1509	C,A
ref	92185	1503_1506	>1503>1504>1506,>1503>1505>1506	A,C
ref	92055	1500_1503	>1500>1501>1503,>1500>1502>1503	G,A
ref	91743	1496_1499	>1496>1497>1499,>1496>1498>1499	T,C
ref	90473	1482_1496	>1482>1496,>1482>1483>*>1495>1496	DEL,CPX
ref	91409	1492_1495	>1492>1493>1495,>1492>1494>1495	T,C
ref	91154	1489_1492	>1489>1490>1492,>1489>1491>1492	A,C
ref	90900	1486_1489	>1486>1487>1489,>1486>1488>1489	A,T
ref	90651	1483_1486	>1483>1484>1486,>1483>1485>1486	T,G
ref	90406	1479_1482	>1479>1480>1482,>1479>1481>1482	G,A
ref	90265	1476_1479	>1476>1477>1479,>1476>1478>1479	A,T
ref	89840	1474_1476	>1474>1476,>1474>1475>1476	DEL,INS
ref	89662	1471_1474	>1471>1472>1474,>1471>1473>1474	A,C
ref	89422	1468_1471	>1468>1469>1471,>1468>1470>1471	C,T
ref	89256	1463_1468	>1463>1468,>1463>1464>*>1467>1468	DEL,CPX
ref	89257	1464_1467	>1464>1465>1467,>1464>1466>1467	G,T
ref	89204	1461_1463	>1461>1463,>1461>1462>1463	DEL,INS
ref	89058	1459_1461	>1459>1461,>1459>1460>1461	DEL,INS
ref	88547	1454_1459	>1454>1459,>1454>1455>*>1458>1459	DEL,CPX
ref	88617	1455_1458	>1455>1456>1458,>1455>1457>1458	G,T
ref	88251	1428_1454	>1428>1454,>1428>1429>*>1453>1454	DEL,CPX
ref	88252	1450_1453	>1450>1451>1453,>1450>1452>1453	C,G
ref	88252	1447_1450	>1447>1448>1450,>1447>1449>1450	G,T
ref	88252	1444_1447	>1444>1445>1447,>1444>1446>1447	T,G
ref	88252	1441_1444	>1441>1442>1444,>1441>1443>1444	A,C
ref	88252	1438_1441	>1438>1439>1441,>1438>1440>1441	G,C
ref	88252	1435_1438	>1435>1436>1438,>1435>1437>1438	A,G
ref	88252	1432_1435	>1432>1433>1435,>1432>1434>1435	G,T
ref	88252	1429_1432	>1429>1430>1432,>1429>1431>1432	C,G
ref	88060	1425_1428	>1425>1426>1428,>1425>1427>1428	G,C
ref	87890	1423_1425	>1423>1425,>1423>1424>1425	DEL,INS
ref	87665	1420_1423	>1420>1421>1423,>1420>1422>1423	T,A
ref	87532	1417_1420	>1417>1418>1420,>1417>1419>1420	C,G
ref	87429	1414_1417	>1414>1415>1417,>1414>1416>1417	G,C
ref	87130	1411_1414	>1411>1412>1414,>1411>1413>1414	A,G
ref	86983	1408_1411	>1408>1409>1411,>1408>1410>1411	C,A
ref	86772	1406_1408	>1406>1408,>1406>1407>1408	DEL,INS
ref	86595	1403_1406	>1403>1404>1406,>1403>1405>1406	T,G
ref	86344	1400_1403	>1400>1401>1403,>1400>1402>1403	A,C
ref	86238	1397_1400	>1397>1398>1400,>1397>1399>1400	G,T
ref	86094	1394_1397	>1394>1395>1397,>1394>1396>1397	C,A
ref	85898	1391_1394	>1391>1392>1394,>1391>1393>1394	T,A
ref	85841	1388_1391	>1388>1389>1391,>1388>1390>1391	G,T
ref	85175	1383_1388	>1383>1388,>1383>1384>*>1387>1388	DEL,CPX
ref	85450	1384_1387	>1384>1385>1387,>1384>1386>1387	A,C
ref	84913	1380_1383	>1380>1381>1383,>1380>1382>1383	T,A
ref	84845	1377_1380	>1377>1378>1380,>1377>1379>1380	T,G
ref	84672	1375_1377	>1375>1377,>1375>1376>1377	DEL,INS
ref	84545	1372_1375	>1372>1373>1375,>1372>1374>1375	C,T
ref	84303	1369_1372	>1369>1370>1372,>1369>1371>1372	A,C
ref	83800	1364_1369	>1364>1369,>1364>1365>*>1368>1369	DEL,CPX
ref	83959	1365_1368	>1365>1366>1368,>1365>1367>1368	T,A
ref	83616	1361_1364	>1361>1362>1364,>1361>1363>1364	A,T
ref	83541	1358_1361	>1358>1359>1361,>1358>1360>1361	G,C
ref	83471	1355_1358	>1355>1356>1358,>1355>1357>1358	G,C
ref	83168	1353_1355	>1353>1355,>1353>1354>1355	DEL,INS
ref	83105	1350_1353	>1350>1351>1353,>1350>1352>1353	G,A
ref	82864	1347_1350	>1347>1348>1350,>1347>1349>1350	T,A
ref	82641	1344_1347	>1344>1345>1347,>1344>1346>1347	T,A
ref	81845	1333_1344	>1333>1344,>1333>1334>*>1343>1344	DEL,CPX
ref	82319	1340_1343	>1340>1341>1343,>1340>1342>1343	C,A
ref	82173	1337_1340	>1337>1338>1340,>1337>1339>1340	G,A
ref	81960	1334_1337	>1334>1335>1337,>1334>1336>1337	A,C
ref	81606	1330_1333	>1330>1331>1333,>1330>1332>1333	C,A
ref	81519	1327_1330	>1327>1328>1330,>1327>1329>1330	A,C
ref	81314	1324_1327	>1324>1325>1327,>1324>1326>1327	A,T
ref	81249	1321_1324	>1321>1322>1324,>1321>1323>1324	C,A
ref	80859	1316_1321	>1316>1321,>1316>1317>*>1320>1321	DEL,CPX
ref	80958	1317_1320	>1317>1318>1320,>1317>1319>1320	C,A
ref	79612	1296_1316	>1296>1316,>1296>1297>*>1315>1316	DEL,CPX
ref	80475	1312_1315	>1312>1313>1315,>1312>1314>1315	T,A
ref	80420	1309_1312	>1309>1310>1312,>1309>1311>1312	C,G
ref	80345	1306_1309	>1306>1307>1309,>1306>1308>1309	C,G
ref	80155	1303_1306	>1303>1304>1306,>1303>1305>1306	A,G
ref	80048	1300_1303	>1300>1301>1303,>1300>1302>1303	A,T
ref	79815	1297_1300	>1297>1298>1300,>1297>1299>1300	T,G
ref	79432	1293_1296	>1293>1294>1296,>1293>1295>1296	T,C
ref	79332	1291_1293	>1291>1293,>1291>1292>1293	DEL,INS
ref	79215	1288_1291	>1288>1289>1291,>1288>1290>1291	C,G
ref	78922	1285_1288	>1285>1286>1288,>1285>1287>1288	T,C
ref	78800	1282_1285	>1282>1283>1285,>1282>1284>1285	G,A
ref	78466	1280_1282	>1280>1282,>1280>1281>1282	DEL,INS
ref	78101	1278_1280	>1278>1280,>1278>1279>1280	DEL,INS
ref	77915	1275_1278	>1275>1276>1278,>1275>1277>1278	G,C
ref	77803	1272_1275	>1272>1273>1275,>1272>1274>1275	A,G
ref	77642	1269_1272	>1269>1270>1272,>1269>1271>1272	C,G
ref	77347	1266_1269	>1266>1267>1269,>1266>1268>1269	G,C
ref	77219	1263_1266	>1263>1264>1266,>1263>1265>1266	T,G
ref	77043	1260_1263	>1260>1261>1263,>1260>1262>1263	T,C
ref	76881	1257_1260	>1257>1258>1260,>1257>1259>1260	C,T
ref	76636	1254_1257	>1254>1255>1257,>1254>1256>1257	A,T
ref	76407	1251_1254	>1251>1252>1254,>1251>1253>1254	G,C
ref	76134	1248_1251	>1248>1249>1251,>1248>1250>1251	G,T
ref	76002	1245_1248	>1245>1246>1248,>1245>1247>1248	C,A
ref	75870	1234_1245	>1234>1245,>1234>1235>*>1244>1245	DEL,CPX
ref	75871	1241_1244	>1241>1242>1244,>1241>1243>1244	A,T
ref	75871	1238_1241	>1238>1239>1241,>1238>1240>1241	T,G
ref	75871	1235_1238	>1235>1236>1238,>1235>1237>1238	T,G
ref	75577	1231_1234	>1231>1232>1234,>1231>1233>1234	T,A
ref	75431	1228_1231	>1228>1229>1231,>1228>1230>1231	T,C
ref	75179	1225_1228	>1225>1226>1228,>1225>1227>1228	C,G
ref	75036	1223_1225	>1223>1225,>1223>1224>1225	DEL,INS
ref	74887	1220_1223	>1220>1221>1223,>1220>1222>1223	A,T
ref	74615	1217_1220	>1217>1218>1220,>1217>1219>1220	A,G
ref	74387	1214_1217	>1214>1215>1217,>1214>1216>1217	G,T
ref	74183	1211_1214	>1211>1212>1214,>1211>1213>1214	G,A
ref	74078	1208_1211	>1208>1209>1211,>1208>1210>1211	T,G
ref	73906	1205_1208	>1205>1206>1208,>1205>1207>1208	C,A
ref	73619	1202_1205	>1202>1203>1205,>1202>1204>1205	T,C
ref	73507	1199_1202	>1199>1200>1202,>1199>1201>1202	G,T
ref	73386	1196_1199	>1196>1197>1199,>1196>1198>1199	G,C
ref	73151	1191_1196	>1191>1196,>1191>1192>*>1195>1196	DEL,CPX
ref	73152	1192_1195	>1192>1193>1195,>1192>1194>1195	A,G
ref	73008	1189_1191	>1189>1191,>1189>1190>1191	DEL,INS
ref	72080	1178_1189	>1178>1189,>1178>1179>*>1188>1189	DEL,CPX
ref	72496	1185_1188	>1185>1186>1188,>1185>1187>1188	T,A
ref	72380	1182_1185	>1182>1183>1185,>1182>1184>1185	C,T
ref	72289	1179_1182	>1179>1180>1182,>1179>1181>1182	A,C
ref	71783	1173_1178	>1173>1178,>1173>1174>*>1177>1178	DEL,CPX
ref	71784	1174_1177	>1174>1175>1177,>1174>1176>1177	C,A
ref	71690	1159_1173	>1159>1173,>1159>1160>*>1172>1173	DEL,CPX
ref	71691	1169_1172	>1169>1170>1172,>1169>1171>1172	T,G
ref	71691	1166_1169	>1166>1167>1169,>1166>1168>1169	A,T
ref	71691	1163_1166	>1163>1164>1166,>1163>1165>1166	G,T
ref	71691	1160_1163	>1160>1161>1163,>1160>1162>1163	G,C
ref	71591	1156_1159	>1156>1157>1159,>1156>1158>1159	T,G
ref	71304	1153_1156	>1153>1154>1156,>1153>1155>1156	A,C
ref	71142	1150_1153	>1150>1151>1153,>1150>1152>1153	C,A
ref	70846	1147_1150	>1147>1148>1150,>1147>1149>1150	G,A
ref	70587	1144_1147	>1144>1145>1147,>1144>1146>1147	C,A
ref	70258	1142_1144	>1142>1144,>1142>1143>1144	DEL,INS
ref	70130	1139_1142	>1139>1140>1142,>1139>1141>1142	C,A
ref	69978	1136_1139	>1136>1137>1139,>1136>1138>1139	C,G
ref	69893	1134_1136	>1134>1136,>1134>1135>1136	DEL,INS
ref	69689	1126_1134	>1126>1134,>1126>1127>*>1133>1134	DEL,CPX
ref	69690	1130_1133	>1130>1131>1133,>1130>1132>1133	C,G
ref	69690	1127_1130	>1127>1128>1130,>1127>1129>1130	A,C
ref	69633	1123_1126	>1123>1124>1126,>1123>1125>1126	G,T
ref	69234	1121_1123	>1121>1123,>1121>1122>1123	DEL,INS
ref	68939	1119_1121	>1119>1121,>1119>1120>1121	DEL,INS
ref	68333	1114_1119	>1114>1119,>1114>1115>*>1118>1119	DEL,CPX
ref	68554	1115_1118	>1115>1116>1118,>1115>1117>1118	T,A
ref	68090	1111_1114	>1111>1112>1114,>1111>1113>1114	T,A
ref	67842	1108_1111	>1108>1109>1111,>1108>1110>1111	C,A
ref	67672	1105_1108	>1105>1106>1108,>1105>1107>1108	T,C
ref	67558	1102_1105	>1102>1103>1105,>1102>1104>1105	A,C
ref	67386	1094_1102	>1094>1102,>1094>1095>*>1101>1102	DEL,CPX
ref	67387	1098_1101	>1098>1099>1101,>1098>1100>1101	C,A
ref	67387	1095_1098	>1095>1096>1098,>1095>1097>1098	T,A
ref	67119	1089_1094	>1089>1094,>1089>1090>*>1093>1094	DEL,CPX
ref	67120	1090_1093	>1090>1091>1093,>1090>1092>1093	A,C
ref	66969	1086_1089	>1086>1087>1089,>1086>1088>1089	T,C
ref	66861	1083_1086	>1083>1084>1086,>1083>1085>1086	A,C
ref	66623	1081_1083	>1081>1083,>1081>1082>1083	DEL,INS
ref	66550	1078_1081	>1078>1079>1081,>1078>1080>1081	A,C
ref	66462	1075_1078	>1075>1076>1078,>1075>1077>1078	C,A
ref	66171	1073_1075	>1073>1075,>1073>1074>1075	DEL,INS
ref	66017	1070_1073	>1070>1071>1073,>1070>1072>1073	C,T
ref	65959	1067_1070	>1067>1068>1070,>1067>1069>1070	A,C
ref	65121	1059_1067	>1059>1067,>1059>1060>*>1066>1067	DEL,CPX
ref	65602	1063_1066	>1063>1064>1066,>1063>1065>1066	T,C
ref	65346	1060_1063	>1060>1061>1063,>1060>1062>1063	A,G
ref	64960	1057_1059	>1057>1059,>1057>1058>1059	DEL,INS
ref	64168	1052_1057	>1052>1057,>1052>1053>*>1056>1057	DEL,CPX
ref	64464	1053_1056	>1053>1054>1056,>1053>1055>1056	C,G
ref	64025	1049_1052	>1049>1050>1052,>1049>1051>1052	T,G
ref	63817	1046_1049	>1046>1047>1049,>1046>1048>1049	C,G
ref	63596	1038_1046	>1038>1046,>1038>1039>*>1045>1046	DEL,CPX
ref	63597	1042_1045	>1042>1043>1045,>1042>1044>1045	T,G
ref	63597	1039_1042	>1039>1040>1042,>1039>1041>1042	T,G
ref	63353	1027_1038	>1027>1038,>1027>1028>*>1037>1038	DEL,CPX
ref	63354	1034_1037	>1034>1035>1037,>1034>1036>1037	C,T
ref	63354	1031_1034	>1031>1032>1034,>1031>1033>1034	T,C
ref	63354	1028_1031	>1028>1029>1031,>1028>1030>1031	T,A
ref	63095	1024_1027	>1024>1025>1027,>1024>1026>1027	T,C
ref	62877	1021_1024	>1021>1022>1024,>1021>1023>1024	T,A
ref	62727	1018_1021	>1018>1019>1021,>1018>1020>1021	G,C
ref	61893	1007_1018	>1007>1018,>1007>1008>*>1017>1018	DEL,CPX
ref	62239	1014_1017	>1014>1015>1017,>1014>1016>1017	C,T
ref	62094	1011_1014	>1011>1012>1014,>1011>1013>1014	T,A
ref	62001	1008_1011	>1008>1009>1011,>1008>1010>1011	G,A
ref	61633	1004_1007	>1004>1005>1007,>1004>1006>1007	A,G
ref	61470	1001_1004	>1001>1002>1004,>1001>1003>1004	T,G
ref	61145	999_1001	>999>1001,>999>1000>1001	DEL,INS
ref	60945	985_999	>985>999,>985>986>*>998>999	DEL,CPX
ref	60946	995_998	>995>996>998,>995>997>998	A,T
ref	60946	992_995	>992>993>995,>992>994>995	A,T
ref	60946	989_992	>989>990>992,>989>991>992	T,C
ref	60946	986_989	>986>987>989,>986>988>989	C,T
ref	60776	982_985	>982>983>985,>982>984>985	A,T
ref	60603	979_982	>979>980>982,>979>981>982	T,G
ref	60428	976_979	>976>977>979,>976>978>979	C,G
ref	60283	973_976	>973>974>976,>973>975>976	C,T
ref	59784	971_973	>971>973,>971>972>973	DEL,INS
ref	59605	968_971	>968>969>971,>968>970>971	G,T
ref	59350	965_968	>965>966>968,>965>967>968	A,G
ref	59237	962_965	>962>963>965,>962>964>965	C,A
ref	58762	960_962	>960>962,>960>961>962	DEL,INS
ref	58572	957_960	>957>958>960,>957>959>960	G,T
ref	58413	954_957	>954>955>957,>954>956>957	A,G
ref	58136	951_954	>951>952>954,>951>953>954	G,C
ref	57898	948_951	>948>949>951,>948>950>951	G,A
ref	57830	945_948	>945>946>948,>945>947>948	T,A
ref	57538	942_945	>942>943>945,>942>944>945	C,A
ref	57465	939_942	>939>940>942,>939>941>942	T,A
ref	57061	934_939	>934>939,>934>935>*>938>939	DEL,CPX
ref	57173	935_938	>935>936>938,>935>937>938	C,T
ref	56806	931_934	>931>932>934,>931>933>934	C,G
ref	56739	929_931	>929>931,>929>930>931	DEL,INS
ref	56474	927_929	>927>929,>927>928>929	DEL,INS
ref	56210	924_927	>924>925>927,>924>926>927	T,C
ref	56060	921_924	>921>922>924,>921>923>924	C,A
ref	55908	918_921	>918>919>921,>918>920>921	T,C
ref	55258	913_918	>913>918,>913>914>*>917>918	DEL,CPX
ref	55412	914_917	>914>915>917,>914>916>917	G,C
ref	55137	910_913	>910>911>913,>910>912>913	G,T
ref	54865	907_910	>907>908>910,>907>909>910	A,C
ref	54689	904_907	>904>905>907,>904>906>907	A,T
ref	54542	890_904	>890>904,>890>891>*>903>904	DEL,CPX
ref	54543	900_903	>900>901>903,>900>902>903	C,T
ref	54543	897_900	>897>898>900,>897>899>900	A,C
ref	54543	894_897	>894>895>897,>894>896>897	T,G
ref	54543	891_894	>891>892>894,>891>893>894	T,A
ref	53755	885_890	>885>890,>885>886>*>889>890	DEL,CPX
ref	54037	886_889	>886>887>889,>886>888>889	A,G
ref	53561	882_885	>882>883>885,>882>884>885	A,C
ref	52025	862_882	>862>882,>862>863>*>881>882	DEL,CPX
ref	53213	878_881	>878>879>881,>878>880>881	G,A
ref	52948	875_878	>875>876>878,>875>877>878	G,T
ref	52709	872_875	>872>873>875,>872>874>875	T,A
ref	52525	869_872	>869>870>872,>869>871>872	A,T
ref	52434	866_869	>866>867>869,>866>868>869	T,C
ref	52190	863_866	>863>864>866,>863>865>866	G,A
ref	51756	859_862	>859>860>862,>859>861>862	T,A
ref	51490	856_859	>856>857>859,>856>858>859	G,C
ref	51286	853_856	>853>854>856,>853>855>856	G,T
ref	51127	850_853	>850>851>853,>850>852>853	G,A
ref	50992	847_850	>847>848>850,>847>849>850	A,G
ref	50593	845_847	>845>847,>845>846>847	DEL,INS
ref	50386	842_845	>842>843>845,>842>844>845	G,T
ref	50247	839_842	>839>840>842,>839>841>842	A,T
ref	50141	836_839	>836>837>839,>836>838>839	T,C
ref	49967	833_836	>833>834>836,>833>835>836	A,T
ref	49898	830_833	>830>831>833,>830>832>833	A,G
ref	49791	827_830	>827>828>830,>827>829>830	A,T
ref	49677	824_827	>824>825>827,>824>826>827	T,G
ref	49597	821_824	>821>822>824,>821>823>824	A,C
ref	49352	818_821	>818>819>821,>818>820>821	C,T
ref	49097	815_818	>815>816>818,>815>817>818	A,C
ref	48837	812_815	>812>813>815,>812>814>815	A,C
ref	48559	810_812	>810>812,>810>811>812	DEL,INS
ref	48312	807_810	>807>808>810,>807>809>810	G,C
ref	48129	805_807	>805>807,>805>806>807	DEL,INS
ref	47992	802_805	>802>803>805,>802>804>805	G,A
ref	47739	799_802	>799>800>802,>799>801>802	G,T
ref	47504	796_799	>796>797>799,>796>798>799	T,G
ref	47315	793_796	>793>794>796,>793>795>796	T,A
ref	47127	790_793	>790>791>793,>790>792>793	A,G
ref	46908	773_790	>773>790,>773>774>*>789>790	DEL,CPX
ref	46909	786_789	>786>787>789,>786>788>789	G,C
ref	46909	783_786	>783>784>786,>783>785>786	T,C
ref	46909	780_783	>780>781>783,>780>782>783	C,A
ref	46909	777_780	>777>778>780,>777>779>780	G,C
ref	46909	774_777	>774>775>777,>774>776>777	T,A
ref	46814	765_773	>765>773,>765>766>*>772>773	DEL,CPX
ref	46815	769_772	>769>770>772,>769>771>772	G,C
ref	46815	766_769	>766>767>769,>766>768>769	C,A
ref	46519	762_765	>762>763>765,>762>764>765	C,A
ref	46103	760_762	>760>762,>760>761>762	DEL,INS
ref	45936	757_760	>757>758>760,>757>759>760	C,G
ref	45773	749_757	>749>757,>749>750>*>756>757	DEL,CPX
ref	45774	753_756	>753>754>756,>753>755>756	C,T
ref	45774	750_753	>750>751>753,>750>752>753	T,A
ref	45680	746_749	>746>747>749,>746>748>749	A,G
ref	45434	743_746	>743>744>746,>743>745>746	A,C
ref	45167	741_743	>741>743,>741>742>743	DEL,INS
ref	44915	736_741	>736>741,>736>737>*>740>741	DEL,CPX
ref	44916	737_740	>737>738>740,>737>739>740	C,G
ref	44710	733_736	>733>734>736,>733>735>736	T,C
ref	44422	730_733	>730>731>733,>730>732>733	C,T
ref	44302	727_730	>727>728>730,>727>729>730	C,A
ref	42669	707_727	>707>727,>707>708>*>726>727	DEL,CPX
ref	43854	723_726	>723>724>726,>723>725>726	T,A
ref	43630	720_723	>720>721>723,>720>722>723	A,C
ref	43404	717_720	>717>718>720,>717>719>720	T,G
ref	43264	714_717	>714>715>717,>714>716>717	T,C
ref	43047	711_714	>711>712>714,>711>713>714	C,G
ref	42956	708_711	>708>709>711,>708>710>711	G,A
ref	42440	704_707	>704>705>707,>704>706>707	A,C
ref	42380	701_704	>701>702>704,>701>703>704	G,C
ref	42186	698_701	>698>699>701,>698>700>701	G,T
ref	42066	695_698	>695>696>698,>695>697>698	A,C
ref	41963	692_695	>692>693>695,>692>694>695	C,G
ref	40104	669_692	>669>692,>669>670>*>691>692	DEL,CPX
ref	41404	688_691	>688>689>691,>688>690>691	T,A
ref	41324	685_688	>685>686>688,>685>687>688	A,G
ref	41060	682_685	>682>683>685,>682>684>685	C,A
ref	40923	679_682	>679>680>682,>679>681>682	C,T
ref	40779	676_679	>676>677>679,>676>678>679	A,C
ref	40500	673_676	>673>674>676,>673>675>676	C,T
ref	40224	670_673	>670>671>673,>670>672>673	T,G
ref	39863	666_669	>666>667>669,>666>668>669	C,G
ref	39564	663_666	>663>664>666,>663>665>666	C,A
ref	39392	660_663	>660>661>663,>660>662>663	A,T
ref	39190	657_660	>657>658>660,>657>659>660	C,A
ref	39022	654_657	>654>655>657,>654>656>657	G,A
ref	38742	637_654	>637>654,>637>638>*>653>654	DEL,CPX
ref	38743	650_653	>650>651>653,>650>652>653	G,A
ref	38743	647_650	>647>648>650,>647>649>650	C,T
ref	38743	644_647	>644>645>647,>644>646>647	G,T
ref	38743	641_644	>641>642>644,>641>643>644	C,G
ref	38743	638_641	>638>639>641,>638>640>641	A,C
ref	38454	623_637	>623>637,>623>624>*>636>637	DEL,CPX
ref	38455	633_636	>633>634>636,>633>635>636	A,G
ref	38455	630_633	>630>631>633,>630>632>633	T,A
ref	38455	627_630	>627>628>630,>627>629>630	C,T
ref	38455	624_627	>624>625>627,>624>626>627	G,C
ref	38269	620_623	>620>621>623,>620>622>623	A,G
ref	38094	588_620	>588>620,>588>589>*>619>620	DEL,CPX
ref	38095	616_619	>616>617>619,>616>618>619	C,T
ref	38095	613_616	>613>614>616,>613>615>616	G,C
ref	38095	610_613	>610>611>613,>610>612>613	G,A
ref	38095	607_610	>607>608>610,>607>609>610	C,T
ref	38095	604_607	>604>605>607,>604>606>607	G,T
ref	38095	601_604	>601>602>604,>601>603>604	G,T
ref	38095	598_601	>598>599>601,>598>600>601	G,A
ref	38095	595_598	>595>596>598,>595>597>598	G,T
ref	38095	592_595	>592>593>595,>592>594>595	A,T
ref	38095	589_592	>589>590>592,>589>591>592	G,A
ref	37831	585_588	>585>586>588,>585>587>588	C,G
ref	37640	582_585	>582>583>585,>582>584>585	C,G
ref	37550	565_582	>565>582,>565>566>*>581>582	DEL,CPX
ref	37551	578_581	>578>579>581,>578>580>581	C,G
ref	37551	575_578	>575>576>578,>575>577>578	T,A
ref	37551	572_575	>572>573>575,>572>574>575	T,G
ref	37551	569_572	>569>570>572,>569>571>572	G,C
ref	37551	566_569	>566>567>569,>566>568>569	G,T
ref	37349	562_565	>562>563>565,>562>564>565	A,C
ref	36752	557_562	>557>562,>557>558>*>561>562	DEL,CPX
ref	36968	558_561	>558>559>561,>558>560>561	A,C
ref	36666	554_557	>554>555>557,>554>556>557	G,T
ref	36401	551_554	>551>552>554,>551>553>554	A,T
ref	36277	548_551	>548>549>551,>548>550>551	C,T
ref	35081	528_548	>528>548,>528>529>*>547>548	DEL,CPX
ref	35878	544_547	>544>545>547,>544>546>547	T,G
ref	35695	541_544	>541>542>544,>541>543>544	T,C
ref	35523	538_541	>538>539>541,>538>540>541	G,A
ref	35337	535_538	>535>536>538,>535>537>538	C,T
ref	35252	532_535	>532>533>535,>532>534>535	C,A
ref	35178	529_532	>529>530>532,>529>531>532	T,A
ref	34874	525_528	>525>526>528,>525>527>528	C,A
ref	34657	522_525	>522>523>525,>522>524>525	A,G
ref	34587	519_522	>519>520>522,>519>521>522	A,G
ref	34359	516_519	>516>517>519,>516>518>519	T,G
ref	34279	514_516	>514>516,>514>515>516	DEL,INS
ref	34108	512_514	>512>514,>512>513>514	DEL,INS
ref	34042	501_512	>501>512,>501>502>*>511>512	DEL,CPX
ref	34043	508_511	>508>509>511,>508>510>511	A,G
ref	34043	505_508	>505>506>508,>505>507>508	C,G
ref	34043	502_505	>502>503>505,>502>504>505	T,C
ref	33784	498_501	>498>499>501,>498>500>501	G,T
ref	32943	487_498	>487>498,>487>488>*>497>498	DEL,CPX
ref	33437	494_497	>494>495>497,>494>496>497	C,T
ref	33257	491_494	>491>492>494,>491>493>494	G,T
ref	33096	488_491	>488>489>491,>488>490>491	A,C
ref	32693	464_487	>464>487,>464>465>*>486>487	DEL,CPX
ref	32694	483_486	>483>484>486,>483>485>486	C,G
ref	32694	480_483	>480>481>483,>480>482>483	C,T
ref	32694	477_480	>477>478>480,>477>479>480	A,C
ref	32694	474_477	>474>475>477,>474>476>477	T,G
ref	32694	471_474	>471>472>474,>471>473>474	G,T
ref	32694	468_471	>468>469>471,>468>470>471	T,G
ref	32694	465_468	>465>466>468,>465>467>468	T,C
ref	32442	461_464	>461>462>464,>461>463>464	T,G
ref	31782	456_461	>456>461,>456>457>*>460>461	DEL,CPX
ref	32046	457_460	>457>458>460,>457>459>460	C,A
ref	30943	448_456	>448>456,>448>449>*>455>456	DEL,CPX
ref	31241	452_455	>452>453>455,>452>454>455	T,C
ref	31119	449_452	>449>450>452,>449>451>452	A,T
ref	30811	445_448	>445>446>448,>445>447>448	T,C
ref	30514	442_445	>442>443>445,>442>444>445	A,C
ref	29982	440_442	>440>442,>440>441>442	DEL,INS
ref	29700	438_440	>438>440,>438>439>440	DEL,INS
ref	29530	435_438	>435>436>438,>435>437>438	A,T
ref	29346	432_435	>432>433>435,>432>434>435	A,T
ref	29209	429_432	>429>430>432,>429>431>432	T,G
ref	29114	426_429	>426>427>429,>426>428>429	A,T
ref	28649	421_426	>421>426,>421>422>*>425>426	DEL,CPX
ref	28921	422_425	>422>423>425,>422>424>425	G,C
ref	28569	418_421	>418>419>421,>418>420>421	T,C
ref	28288	413_418	>413>418,>413>414>*>417>418	DEL,CPX
ref	28289	414_417	>414>415>417,>414>416>417	A,T
ref	28062	410_413	>410>411>413,>410>412>413	G,C
ref	27873	407_410	>407>408>410,>407>409>410	A,G
ref	27784	404_407	>404>405>407,>404>406>407	C,T
ref	27552	401_404	>401>402>404,>401>403>404	T,A
ref	27487	398_401	>398>399>401,>398>400>401	A,G
ref	27362	395_398	>395>396>398,>395>397>398	C,T
ref	27113	392_395	>392>393>395,>392>394>395	G,A
ref	27036	389_392	>389>390>392,>389>391>392	A,T
ref	26743	386_389	>386>387>389,>386>388>389	A,T
ref	26536	383_386	>383>384>386,>383>385>386	T,C
ref	26267	380_383	>380>381>383,>380>382>383	A,G
ref	26099	377_380	>377>378>380,>377>379>380	G,T
ref	25751	375_377	>375>377,>375>376>377	DEL,INS
ref	25510	370_375	>370>375,>370>371>*>374>375	DEL,CPX
ref	25601	371_374	>371>372>374,>371>373>374	G,T
ref	25219	367_370	>367>368>370,>367>369>370	A,C
ref	24928	364_367	>364>365>367,>364>366>367	C,A
ref	24829	361_364	>361>362>364,>361>363>364	A,T
ref	24682	358_361	>358>359>361,>358>360>361	G,C
ref	24554	355_358	>355>356>358,>355>357>358	T,C
ref	24313	352_355	>352>353>355,>352>354>355	G,C
ref	24120	349_352	>349>350>352,>349>351>352	A,G
ref	23515	344_349	>344>349,>344>345>*>348>349	DEL,CPX
ref	23652	345_348	>345>346>348,>345>347>348	T,A
ref	23239	341_344	>341>342>344,>341>343>344	T,C
ref	23134	339_341	>339>341,>339>340>341	DEL,INS
ref	23076	336_339	>336>337>339,>336>338>339	A,G
ref	22613	334_336	>334>336,>334>335>336	DEL,INS
ref	22337	329_334	>329>334,>329>330>*>333>334	DEL,CPX
ref	22338	330_333	>330>331>333,>330>332>333	A,T
ref	22249	326_329	>326>327>329,>326>328>329	T,C
ref	22131	309_326	>309>326,>309>310>*>325>326	DEL,CPX
ref	22132	322_325	>322>323>325,>322>324>325	C,G
ref	22132	319_322	>319>320>322,>319>321>322	C,A
ref	22132	316_319	>316>317>319,>316>318>319	G,C
ref	22132	313_316	>313>314>316,>313>315>316	G,T
ref	22132	310_313	>310>311>313,>310>312>313	C,A
ref	22042	306_309	>306>307>309,>306>308>309	A,C
ref	20953	292_306	>292>306,>292>293>*>305>306	DEL,CPX
ref	21848	302_305	>302>303>305,>302>304>305	G,A
ref	21594	299_302	>299>300>302,>299>301>302	T,G
ref	21327	296_299	>296>297>299,>296>298>299	C,G
ref	21051	293_296	>293>294>296,>293>295>296	T,C
ref	20571	290_292	>290>292,>290>291>292	DEL,INS
ref	20375	287_290	>287>288>290,>287>289>290	A,G
ref	20099	284_287	>284>285>287,>284>286>287	G,A
ref	19855	281_284	>281>282>284,>281>283>284	T,A
ref	19580	278_281	>278>279>281,>278>280>281	A,G
ref	19353	276_278	>276>278,>276>277>278	DEL,INS
ref	19175	273_276	>273>274>276,>273>275>276	G,T
ref	19040	270_273	>270>271>273,>270>272>273	A,T
ref	18947	267_270	>267>268>270,>267>269>270	C,G
ref	18802	265_267	>265>267,>265>266>267	DEL,INS
ref	18503	262_265	>262>263>265,>262>264>265	A,T
ref	18355	251_262	>251>262,>251>252>*>261>262	DEL,CPX
ref	18356	258_261	>258>259>261,>258>260>261	G,T
ref	18356	255_258	>255>256>258,>255>257>258	C,A
ref	18356	252_255	>252>253>255,>252>254>255	A,G
ref	18285	248_251	>248>249>251,>248>250>251	A,T
ref	18112	245_248	>245>246>248,>245>247>248	C,T
ref	17490	240_245	>240>245,>240>241>*>244>245	DEL,CPX
ref	17557	241_244	>241>242>244,>241>243>244	A,G
ref	17277	237_240	>237>238>240,>237>239>240	T,A
ref	17195	234_237	>234>235>237,>234>236>237	T,G
ref	17009	231_234	>231>232>234,>231>233>234	T,C
ref	16947	228_231	>228>229>231,>228>230>231	A,T
ref	16662	225_228	>225>226>228,>225>227>228	G,A
ref	16427	222_225	>222>223>225,>222>224>225	A,T
ref	16314	220_222	>220>222,>220>221>222	DEL,INS
ref	16234	217_220	>217>218>220,>217>219>220	A,C
ref	15951	214_217	>214>215>217,>214>216>217	G,T
ref	15720	211_214	>211>212>214,>211>213>214	A,T
ref	15494	208_211	>208>209>211,>208>210>211	C,G
ref	15432	205_208	>205>206>208,>205>207>208	G,T
ref	15232	203_205	>203>205,>203>204>205	DEL,INS
ref	14942	200_203	>200>201>203,>200>202>203	A,G
ref	14551	198_200	>198>200,>198>199>200	DEL,INS
ref	14394	195_198	>195>196>198,>195>197>198	G,A
ref	14205	193_195	>193>195,>193>194>195	DEL,INS
ref	14006	190_193	>190>191>193,>190>192>193	T,A
ref	13711	187_190	>187>188>190,>187>189>190	C,G
ref	13554	184_187	>184>185>187,>184>186>187	T,A
ref	13406	181_184	>181>182>184,>181>183>184	T,G
ref	13108	178_181	>178>179>181,>178>180>181	G,T
ref	12931	175_178	>175>176>178,>175>177>178	C,A
ref	12653	172_175	>172>173>175,>172>174>175	A,T
ref	11725	161_172	>161>172,>161>162>*>171>172	DEL,CPX
ref	12285	168_171	>168>169>171,>168>170>171	C,G
ref	12126	165_168	>165>166>168,>165>167>168	G,C
ref	11875	162_165	>162>163>165,>162>164>165	T,G
ref	11445	158_161	>158>159>161,>158>160>161	C,A
ref	11344	153_158	>153>158,>153>154>*>157>158	DEL,CPX
ref	11345	154_157	>154>155>157,>154>156>157	T,A
ref	11048	151_153	>151>153,>151>152>153	DEL,INS
ref	10837	148_151	>148>149>151,>148>150>151	T,A
ref	10635	145_148	>145>146>148,>145>147>148	G,A
ref	10528	142_145	>142>143>145,>142>144>145	A,G
ref	10299	139_142	>139>140>142,>139>141>142	A,C
ref	10083	136_139	>136>137>139,>136>138>139	T,G
ref	9950	133_136	>133>134>136,>133>135>136	T,A
ref	9737	130_133	>130>131>133,>130>132>133	A,C
ref	9223	125_130	>125>130,>125>126>*>129>130	DEL,CPX
ref	9405	126_129	>126>127>129,>126>128>129	G,C
ref	9039	122_125	>122>123>125,>122>124>125	A,G
ref	8400	117_122	>117>122,>117>118>*>121>122	DEL,CPX
ref	8698	118_121	>118>119>121,>118>120>121	A,C
ref	8162	114_117	>114>115>117,>114>116>117	G,C
ref	7951	111_114	>111>112>114,>111>113>114	T,C
ref	7786	108_111	>108>109>111,>108>110>111	T,G
ref	7710	105_108	>105>106>108,>105>107>108	T,C
ref	7541	102_105	>102>103>105,>102>104>105	T,A
ref	6479	88_102	>88>102,>88>89>*>101>102	DEL,CPX
ref	7182	98_101	>98>99>101,>98>100>101	A,C
ref	6943	95_98	>95>96>98,>95>97>98	C,A
ref	6873	92_95	>92>93>95,>92>94>95	T,A
ref	6591	89_92	>89>90>92,>89>91>92	T,A
ref	6392	86_88	>86>88,>86>87>88	DEL,INS
ref	6116	83_86	>83>84>86,>83>85>86	T,C
ref	5934	80_83	>80>81>83,>80>82>83	T,G
ref	5728	77_80	>77>78>80,>77>79>80	G,A
ref	5623	75_77	>75>77,>75>76>77	DEL,INS
ref	5406	72_75	>72>73>75,>72>74>75	G,C
ref	5187	69_72	>69>70>72,>69>71>72	T,C
ref	4939	66_69	>66>67>69,>66>68>69	T,G
ref	4870	63_66	>63>64>66,>63>65>66	A,T
ref	4771	60_63	>60>61>63,>60>62>63	T,G
ref	4611	57_60	>57>58>60,>57>59>60	T,A
ref	4424	54_57	>54>55>57,>54>56>57	C,T
ref	4309	52_54	>52>54,>52>53>54	DEL,INS
ref	3945	50_52	>50>52,>50>51>52	DEL,INS
ref	3749	48_50	>48>50,>48>49>50	DEL,INS
ref	3553	45_48	>45>46>48,>45>47>48	A,G
ref	3427	42_45	>42>43>45,>42>44>45	C,G
ref	2960	37_42	>37>42,>37>38>*>41>42	DEL,CPX
ref	3157	38_41	>38>39>41,>38>40>41	G,A
ref	2825	34_37	>34>35>37,>34>36>37	G,A
ref	2712	31_34	>31>32>34,>31>33>34	T,A
ref	2656	28_31	>28>29>31,>28>30>31	T,G
ref	2486	25_28	>25>26>28,>25>27>28	A,T
ref	2341	22_25	>22>23>25,>22>24>25	G,T
ref	1682	14_22	>14>22,>14>15>*>21>22	DEL,CPX
ref	2061	18_21	>18>19>21,>18>20>21	G,C
ref	1837	15_18	>15>16>18,>15>17>18	A,T
ref	1397	12_14	>12>14,>12>13>14	DEL,INS
ref	1284	9_12	>9>10>12,>9>11>12	G,T
ref	411	1_9	>1>9,>1>2>*>8>9	DEL,CPX
ref	748	5_8	>5>6>8,>5>7>8	T,A
ref	590	2_5	>2>3>5,>2>4>5	C,G
